RANK,NAME,TEAM,POS,AGE,GP,MPG,USG%,TO%,FTA,FT%,2PA,2P%,3PA,3P%,eFG%,TS%,PPG,RPG,APG,SPG,BPG,TPG,P+R,P+A,P+R+A,VI,ORtg,DRtg,Predicted_Rank,Unique_Rank
,Joel Embiid,Phi,C,30.0,34,34.0,39.2,14.3,403,0.883,642,0.562,112,0.366,0.56,0.645,35.3,11.3,5.7,1.1,1.8,3.7,46.6,41.0,52.3,15.5,125.2,106.0,10.214285714285714,1
,Nikola Jokic,Den,C,29.1,63,34.3,29.3,14.2,348,0.828,928,0.628,186,0.349,0.611,0.651,26.2,12.3,9.2,1.3,0.9,2.9,38.5,35.4,47.7,16.8,131.9,105.6,10.214285714285714,1
,Trae Young,Atl,G,25.5,51,36.5,30.5,18.3,396,0.856,526,0.473,456,0.371,0.512,0.581,26.4,2.7,10.8,1.4,0.2,4.3,29.1,37.2,39.9,10.0,117.9,118.6,10.214285714285714,1
,Jalen Brunson,Nyk,G,27.5,60,35.1,30.8,10.7,367,0.842,814,0.51,393,0.405,0.541,0.59,26.9,3.7,6.6,0.9,0.2,2.4,30.6,33.5,37.2,9.9,123.5,112.0,10.214285714285714,1
,Stephen Curry,Gol,G,36.0,59,32.8,31.6,13.1,276,0.92,451,0.517,713,0.407,0.574,0.618,26.9,4.4,4.9,0.8,0.4,3.0,31.3,31.9,36.2,10.2,118.5,115.0,10.214285714285714,1
,Jayson Tatum,Bos,F,26.0,62,35.9,30.1,11.5,413,0.831,688,0.547,518,0.375,0.553,0.604,27.0,8.4,4.9,1.0,0.6,2.5,35.4,31.9,40.3,11.5,120.8,107.0,10.214285714285714,1
,De'Aaron Fox,Sac,G,26.2,56,35.7,31.4,11.3,344,0.718,751,0.535,424,0.366,0.54,0.571,27.1,4.3,5.6,1.9,0.4,2.7,31.4,32.7,37.0,9.7,113.8,112.1,10.214285714285714,1
,Anthony Edwards,Min,G,22.6,63,35.1,32.6,13.5,411,0.837,835,0.511,425,0.367,0.525,0.578,26.4,5.3,5.0,1.3,0.6,3.1,31.7,31.5,36.8,10.1,112.2,106.8,10.214285714285714,1
,Donovan Mitchell,Cle,G,27.5,47,35.7,31.9,12.5,287,0.864,533,0.553,428,0.371,0.555,0.605,28.0,5.4,6.2,1.8,0.5,2.9,33.4,34.1,39.6,11.0,118.7,107.7,10.214285714285714,1
,Kevin Durant,Pho,F,35.5,58,37.3,29.8,14.6,376,0.854,826,0.568,308,0.425,0.587,0.636,28.5,6.7,5.5,0.9,1.3,3.3,35.2,33.9,40.7,10.9,120.1,113.0,10.214285714285714,1
,Giannis Antetokounmpo,Mil,F,29.3,63,35.0,33.0,15.3,696,0.662,1064,0.648,113,0.292,0.628,0.654,30.8,11.2,6.4,1.2,1.0,3.4,42.0,37.2,48.4,14.9,126.5,106.9,10.214285714285714,1
,Shai Gilgeous-Alexander,Okc,G,25.7,64,34.4,33.1,9.7,564,0.881,1069,0.579,225,0.378,0.577,0.645,31.1,5.6,6.4,2.1,1.0,2.2,36.7,37.5,43.1,12.1,130.7,107.8,10.214285714285714,1
,Luka Doncic,Dal,G,25.0,57,37.5,36.0,14.2,510,0.788,761,0.585,594,0.38,0.579,0.624,34.6,9.1,9.9,1.5,0.6,3.9,43.6,44.4,53.5,15.6,123.6,111.9,10.214285714285714,1
,Devin Booker,Pho,G,27.4,51,35.8,30.2,11.7,353,0.881,696,0.546,297,0.374,0.55,0.611,27.5,4.6,6.8,0.9,0.4,2.6,32.1,34.4,39.0,10.6,124.1,110.9,10.214285714285714,1
,Paolo Banchero,Orl,F,21.3,63,34.9,29.9,14.8,447,0.707,854,0.491,265,0.358,0.502,0.547,22.8,6.8,5.2,1.0,0.6,3.1,29.7,28.0,34.9,10.7,108.9,108.7,28.142857142857142,15
,Anfernee Simons,Por,G,24.8,41,34.5,28.3,13.3,158,0.911,396,0.467,359,0.387,0.521,0.565,22.7,3.6,5.4,0.5,0.1,2.8,26.3,28.1,31.8,8.8,112.3,117.1,28.142857142857142,15
,Cade Cunningham,Det,G,22.5,54,33.8,29.9,15.9,242,0.868,699,0.492,297,0.36,0.507,0.553,22.6,4.3,7.5,0.9,0.4,3.5,26.8,30.1,34.4,10.7,109.7,116.3,28.142857142857142,15
,Kyle Kuzma,Was,F,28.6,63,32.3,30.2,12.2,218,0.78,771,0.532,425,0.336,0.522,0.549,22.5,6.6,4.2,0.5,0.7,2.6,29.1,26.7,33.3,10.6,104.6,116.8,28.142857142857142,15
,Paul George,Lac,G,33.9,58,34.0,26.5,11.1,223,0.888,504,0.516,475,0.396,0.554,0.595,22.1,5.3,3.6,1.6,0.4,2.1,27.4,25.7,31.0,8.8,116.4,109.0,28.142857142857142,15
,Pascal Siakam,Tor,F,29.9,39,34.7,25.3,11.8,223,0.758,478,0.584,145,0.317,0.559,0.6,22.2,6.3,4.8,0.8,0.3,2.1,28.5,27.0,33.3,10.1,118.9,114.9,28.142857142857142,15
,Karl-Anthony Towns,Min,F,28.3,60,32.8,27.4,15.4,286,0.874,614,0.55,317,0.423,0.579,0.628,22.1,8.4,3.0,0.7,0.7,2.8,30.5,25.1,33.5,10.0,116.0,100.2,28.142857142857142,15
,Zion Williamson,Nor,F,23.7,53,30.7,28.8,14.3,354,0.695,785,0.581,14,0.357,0.58,0.614,22.1,5.6,5.2,0.9,0.6,2.5,27.8,27.3,33.0,11.2,121.2,109.0,28.142857142857142,15
,Jaylen Brown,Bos,F,27.4,59,33.4,28.6,11.4,254,0.705,709,0.573,344,0.349,0.557,0.58,22.9,5.6,3.7,1.1,0.5,2.3,28.5,26.6,32.2,9.3,114.3,106.4,28.142857142857142,15
,Jaren Jackson Jr.,Mem,F,24.5,57,32.0,30.5,12.2,366,0.809,666,0.502,322,0.326,0.497,0.557,22.4,5.6,2.1,1.1,1.6,2.4,28.0,24.6,30.2,8.0,106.7,105.7,28.142857142857142,15
,DeMar DeRozan,Chi,F,34.6,63,37.7,24.8,8.1,468,0.863,864,0.499,179,0.341,0.501,0.58,23.0,4.2,5.3,1.0,0.6,1.5,27.2,28.3,32.6,8.5,123.6,115.1,28.142857142857142,15
,LaMelo Ball,Cha,G,22.6,22,32.3,33.9,16.4,104,0.865,226,0.5,197,0.355,0.515,0.561,23.9,5.1,8.0,1.8,0.2,3.8,29.0,31.9,37.0,12.3,110.6,109.8,28.142857142857142,15
,Terry Rozier,Cha,G,30.0,30,35.5,27.6,10.6,129,0.845,317,0.533,232,0.358,0.535,0.574,23.2,3.9,6.6,1.1,0.4,2.2,27.1,29.8,33.7,9.5,116.6,119.3,28.142857142857142,15
,Tyrese Maxey,Phi,G,23.4,56,37.2,27.9,7.9,311,0.871,671,0.495,451,0.379,0.525,0.575,25.9,3.7,6.2,1.0,0.5,1.7,29.6,32.1,35.8,9.0,121.2,114.7,28.142857142857142,15
,Lauri Markkanen,Uta,F,26.8,51,32.9,24.6,7.6,250,0.888,409,0.565,409,0.401,0.583,0.634,23.1,8.3,2.0,0.9,0.5,1.3,31.3,25.1,33.4,8.8,128.7,116.4,28.142857142857142,15
,Kyrie Irving,Dal,G,32.0,43,34.1,28.6,7.8,146,0.897,538,0.53,307,0.417,0.564,0.597,25.2,5.0,4.9,1.2,0.5,1.7,30.2,30.1,35.1,10.0,120.9,115.1,28.142857142857142,15
,Ja Morant,Mem,G,24.6,9,35.3,30.6,13.7,64,0.813,119,0.555,51,0.275,0.512,0.57,25.1,5.6,8.1,0.8,0.6,3.0,30.7,33.2,38.8,11.8,115.7,112.2,28.142857142857142,15
,Anthony Davis,Lal,C,31.0,62,35.8,26.6,10.5,426,0.812,981,0.577,74,0.257,0.564,0.618,24.8,12.5,3.6,1.2,2.5,2.0,37.2,28.4,40.9,11.6,124.1,108.2,28.142857142857142,15
,LeBron James,Lal,F,39.2,57,35.1,29.1,15.1,310,0.742,724,0.581,305,0.407,0.59,0.62,25.3,7.1,8.0,1.2,0.6,3.2,32.4,33.4,40.4,12.9,118.7,113.9,28.142857142857142,15
,Desmond Bane,Mem,G,25.7,37,34.5,29.0,12.4,140,0.864,376,0.551,320,0.384,0.563,0.597,24.4,4.6,5.3,1.0,0.5,2.7,29.0,29.7,34.3,9.8,114.5,110.1,28.142857142857142,15
,Julius Randle,Nyk,F,29.3,46,35.4,29.7,16.0,302,0.781,592,0.539,244,0.311,0.518,0.569,24.0,9.2,5.0,0.5,0.3,3.5,33.2,28.9,38.1,11.7,113.1,107.1,28.142857142857142,15
,Kawhi Leonard,Lac,F,32.7,58,34.2,26.2,8.8,243,0.889,698,0.563,291,0.426,0.585,0.627,23.7,6.2,3.7,1.7,0.8,1.7,29.8,27.4,33.6,9.5,125.8,113.1,28.142857142857142,15
,Damian Lillard,Mil,G,33.7,61,35.0,28.4,12.8,439,0.925,538,0.493,525,0.352,0.51,0.593,24.4,4.4,6.8,1.0,0.2,2.6,28.8,31.3,35.7,10.3,120.7,114.3,28.142857142857142,15
,RJ Barrett,Tor,F,23.7,27,33.7,24.3,13.0,130,0.592,298,0.597,103,0.417,0.605,0.613,20.8,6.2,4.0,0.6,0.4,2.2,27.0,24.8,31.0,9.5,115.1,113.6,46.8,38
,Bojan Bogdanovic,Det,F,34.9,28,32.9,24.5,12.9,104,0.779,218,0.518,207,0.415,0.569,0.6,20.2,3.4,2.5,0.8,0.1,2.3,23.5,22.7,26.1,6.8,111.0,118.5,46.8,38
,Kristaps Porzingis,Bos,C,28.6,46,29.8,25.1,10.9,256,0.859,366,0.615,240,0.375,0.594,0.654,20.4,7.0,2.0,0.6,1.8,1.6,27.5,22.4,29.4,8.8,128.1,104.1,46.8,38
,Pascal Siakam,Ind,F,29.9,25,32.7,23.4,8.2,93,0.71,309,0.586,73,0.384,0.584,0.605,20.5,7.2,4.2,0.8,0.4,1.4,27.6,24.7,31.9,10.4,123.8,115.1,46.8,38
,Victor Wembanyama,San,F,20.2,58,28.8,31.7,17.5,280,0.804,641,0.529,297,0.333,0.52,0.565,20.7,10.3,3.5,1.3,3.4,3.4,31.0,24.2,34.5,12.6,104.1,109.1,46.8,38
,Tyrese Haliburton,Ind,G,24.0,53,32.2,25.2,13.4,178,0.854,413,0.591,410,0.373,0.575,0.61,20.7,3.9,11.3,1.1,0.7,2.4,24.6,32.1,35.9,12.0,128.9,121.3,46.8,38
,Tyler Herro,Mia,G,24.1,36,33.6,27.9,10.6,79,0.835,355,0.468,293,0.399,0.527,0.549,20.8,5.3,4.4,0.8,0.1,2.1,26.1,25.2,30.5,9.4,107.0,112.1,46.8,38
,Mikal Bridges,Bro,F,27.5,65,35.4,25.1,11.2,288,0.813,617,0.504,463,0.363,0.521,0.564,20.9,4.7,3.8,1.0,0.4,2.1,25.7,24.7,29.4,8.1,112.2,116.7,46.8,38
,Brandon Ingram,Nor,F,26.5,58,33.2,27.3,14.0,294,0.803,714,0.532,223,0.363,0.535,0.581,21.4,5.1,5.9,0.8,0.6,2.6,26.4,27.2,32.3,10.4,115.8,109.7,46.8,38
,Alperen Sengun,Hou,C,21.6,63,32.5,27.1,14.2,352,0.693,871,0.567,111,0.297,0.553,0.585,21.1,9.4,5.0,1.2,0.7,2.6,30.5,26.1,35.4,12.3,117.6,103.4,46.8,38
,Jamal Murray,Den,G,27.0,49,31.9,27.5,11.3,153,0.837,535,0.516,283,0.42,0.556,0.586,21.2,4.0,6.6,0.9,0.7,2.1,25.2,27.8,31.8,10.3,119.4,113.4,46.8,38
,Cam Thomas,Bro,G,22.4,50,29.8,30.6,9.2,229,0.834,587,0.472,284,0.373,0.501,0.547,21.3,2.9,2.7,0.7,0.2,1.8,24.2,24.0,26.9,7.4,108.6,114.7,46.8,38
,Miles Bridges,Cha,F,26.0,54,37.5,24.8,10.1,166,0.831,609,0.517,358,0.36,0.526,0.555,21.4,7.5,3.3,1.0,0.5,2.0,28.9,24.7,32.2,8.6,108.5,117.1,46.8,38
,Jimmy Butler,Mia,F,34.5,45,34.2,24.7,11.5,365,0.852,511,0.521,106,0.425,0.541,0.629,21.7,5.5,4.9,1.4,0.4,1.8,27.3,26.6,32.2,9.8,129.4,113.1,46.8,38
,Dejounte Murray,Atl,G,27.5,61,35.2,25.5,11.5,212,0.807,705,0.523,391,0.361,0.53,0.56,21.8,5.2,5.8,1.3,0.3,2.3,27.1,27.6,32.9,9.9,115.3,117.9,46.8,38
,Jerami Grant,Por,F,30.0,54,33.9,25.7,12.0,312,0.817,574,0.474,276,0.402,0.516,0.573,21.0,3.5,2.8,0.8,0.6,2.1,24.5,23.8,27.3,7.0,113.3,116.7,46.8,38
,Jordan Clarkson,Uta,G,31.8,54,30.5,26.1,14.8,196,0.883,502,0.49,307,0.296,0.473,0.524,17.4,3.4,5.0,0.6,0.1,2.6,20.8,22.4,25.8,8.7,107.5,120.4,66.07692307692308,54
,James Harden,Lac,G,34.5,59,34.7,20.7,18.5,296,0.882,279,0.498,404,0.403,0.561,0.632,17.4,5.1,8.3,1.1,0.9,2.6,22.5,25.7,30.9,10.4,127.3,113.1,66.07692307692308,54
,Immanuel Quickley,Tor,G,24.7,29,33.5,22.5,10.1,92,0.804,218,0.431,207,0.415,0.525,0.559,17.9,4.6,6.5,0.8,0.2,1.7,22.6,24.4,29.1,9.7,117.3,116.4,66.07692307692308,54
,D'Angelo Russell,Lal,G,28.1,61,31.9,23.1,12.4,151,0.801,448,0.513,408,0.424,0.572,0.596,18.0,3.0,6.2,0.8,0.5,2.0,21.0,24.3,27.2,8.7,117.3,113.7,66.07692307692308,54
,Nikola Vucevic,Chi,C,33.4,60,34.4,23.8,9.1,95,0.842,726,0.543,253,0.285,0.513,0.531,18.1,10.7,3.3,0.7,0.8,1.6,28.7,21.4,32.1,10.0,111.7,109.6,66.07692307692308,54
,RJ Barrett,Nyk,F,23.7,26,29.5,27.4,10.8,124,0.831,258,0.469,130,0.331,0.478,0.536,18.2,4.3,2.4,0.5,0.3,1.8,22.5,20.7,24.9,7.8,109.9,111.3,66.07692307692308,54
,Collin Sexton,Uta,G,25.2,65,25.5,27.5,13.4,317,0.861,559,0.524,269,0.401,0.55,0.611,18.2,2.6,4.7,0.8,0.2,2.0,20.8,22.9,25.5,9.5,123.8,117.0,66.07692307692308,54
,Jalen Green,Hou,G,22.1,65,30.9,27.0,12.4,275,0.807,567,0.487,443,0.314,0.48,0.527,18.3,4.8,3.4,0.7,0.3,2.2,23.1,21.7,26.5,8.7,104.4,112.8,66.07692307692308,54
,CJ McCollum,Nor,G,32.5,48,31.3,23.8,9.6,105,0.79,328,0.5,381,0.417,0.568,0.588,18.5,4.3,4.4,1.0,0.7,1.6,22.8,22.9,27.1,9.0,118.5,110.0,66.07692307692308,54
,Bradley Beal,Pho,G,30.7,36,32.7,24.2,14.3,109,0.789,363,0.551,162,0.377,0.555,0.584,18.6,4.1,4.6,1.0,0.3,2.4,22.7,23.2,27.3,8.6,113.2,111.4,66.07692307692308,54
,Jalen Williams,Okc,F,22.9,58,31.6,23.3,10.9,186,0.817,605,0.569,197,0.447,0.594,0.625,19.0,4.0,4.5,1.1,0.5,1.7,23.1,23.5,27.5,8.9,122.6,109.2,66.07692307692308,54
,Devin Vassell,San,G,23.6,60,32.5,23.5,9.3,184,0.793,517,0.536,396,0.381,0.551,0.58,19.2,3.9,4.0,1.1,0.4,1.6,23.1,23.2,27.1,8.2,113.9,119.6,66.07692307692308,54
,Zach LaVine,Chi,G,29.0,25,34.9,23.8,12.1,103,0.854,207,0.536,169,0.349,0.531,0.578,19.5,5.1,3.9,0.8,0.3,2.1,24.6,23.4,28.5,8.4,113.2,113.1,66.07692307692308,54
,Coby White,Chi,G,24.1,65,36.7,22.7,12.6,220,0.841,517,0.515,477,0.388,0.547,0.583,19.6,4.7,5.2,0.7,0.2,2.2,24.3,24.8,29.5,8.5,116.0,114.3,66.07692307692308,54
,Scottie Barnes,Tor,F-G,22.6,60,34.9,24.8,14.9,251,0.781,646,0.536,296,0.341,0.528,0.566,19.9,8.2,6.1,1.3,1.5,2.8,28.1,25.9,34.2,11.4,114.2,114.2,66.07692307692308,54
,Bam Adebayo,Mia,C,26.7,54,34.6,25.7,13.9,331,0.761,793,0.516,14,0.071,0.509,0.563,19.9,10.4,4.0,1.1,1.0,2.4,30.3,23.9,34.3,10.9,113.0,105.9,66.07692307692308,54
,Franz Wagner,Orl,F,22.5,57,33.1,26.0,11.6,248,0.843,619,0.557,280,0.296,0.522,0.569,20.1,5.5,3.9,1.0,0.4,2.1,25.6,24.0,29.5,9.1,114.3,107.9,66.07692307692308,54
,Domantas Sabonis,Sac,C,27.9,64,35.8,22.2,20.0,304,0.697,781,0.633,69,0.42,0.632,0.654,20.1,13.5,8.4,0.9,0.6,3.3,33.6,28.5,42.0,14.7,128.6,107.9,66.07692307692308,54
,Darius Garland,Cle,G,24.1,41,33.1,25.9,18.1,147,0.844,356,0.508,249,0.382,0.535,0.576,18.8,2.3,6.2,1.3,0.1,3.3,21.1,25.0,27.4,7.8,109.6,111.9,66.07692307692308,54
,Tim Hardaway Jr.,Dal,G-F,32.0,62,28.3,23.3,6.4,154,0.857,327,0.48,507,0.359,0.516,0.55,16.0,3.4,1.7,0.5,0.1,0.9,19.4,17.7,21.1,6.4,110.6,116.9,86.07142857142857,73
,Austin Reaves,Lal,G,25.8,66,31.6,20.3,16.2,217,0.862,424,0.583,318,0.377,0.575,0.622,15.8,4.1,5.5,0.9,0.2,2.2,19.8,21.3,25.4,9.0,119.2,113.7,86.07142857142857,73
,Malik Monk,Sac,G,26.1,63,26.2,25.8,14.4,178,0.815,408,0.525,380,0.371,0.54,0.575,15.8,3.0,5.3,0.7,0.6,2.1,18.8,21.1,24.1,9.6,114.7,113.2,86.07142857142857,73
,Shaedon Sharpe,Por,G,20.8,32,33.1,22.5,14.2,119,0.824,254,0.457,180,0.333,0.475,0.524,15.9,5.0,2.9,0.9,0.4,2.3,20.9,18.9,23.9,7.4,104.8,113.6,86.07142857142857,73
,Jonathan Kuminga,Gol,F,21.4,63,25.9,24.1,12.2,261,0.739,581,0.585,143,0.308,0.561,0.599,16.0,4.8,2.1,0.7,0.5,1.6,20.8,18.0,22.8,8.4,116.8,110.5,86.07142857142857,73
,Keldon Johnson,San,F,24.4,61,29.6,22.4,10.2,193,0.788,461,0.527,327,0.346,0.523,0.56,16.0,5.5,2.9,0.8,0.3,1.5,21.5,19.0,24.4,8.6,111.8,114.6,86.07142857142857,73
,Jordan Poole,Was,G,24.7,63,29.3,26.0,13.7,181,0.862,486,0.484,430,0.316,0.479,0.519,16.4,2.6,3.8,1.1,0.4,2.3,19.0,20.2,22.8,7.4,99.7,113.9,86.07142857142857,73
,Jarrett Allen,Cle,C,25.9,60,31.7,19.3,13.6,253,0.735,621,0.631,5,0.0,0.626,0.658,16.2,10.7,2.7,0.8,1.2,1.7,26.9,18.9,29.6,9.8,130.1,106.0,86.07142857142857,73
,Chet Holmgren,Okc,C,21.9,65,30.1,21.4,11.9,206,0.786,489,0.62,281,0.388,0.606,0.636,16.8,7.8,2.7,0.6,2.5,1.6,24.7,19.6,27.4,9.4,123.3,106.7,86.07142857142857,73
,Michael Porter Jr.,Den,F,25.7,64,31.7,20.5,7.7,80,0.813,408,0.578,442,0.396,0.586,0.6,16.6,7.0,1.5,0.5,0.7,1.1,23.6,18.1,25.1,7.0,117.2,111.3,86.07142857142857,73
,Fred VanVleet,Hou,G,30.0,58,36.8,19.1,11.3,180,0.867,324,0.454,456,0.382,0.523,0.566,16.8,3.8,8.0,1.2,0.8,1.7,20.5,24.8,28.5,8.7,122.6,111.3,86.07142857142857,73
,Bogdan Bogdanovic,Atl,G,31.6,62,29.6,22.4,8.7,119,0.916,349,0.507,515,0.373,0.538,0.567,16.8,3.3,2.9,1.3,0.3,1.3,20.0,19.7,23.0,7.3,116.1,115.4,86.07142857142857,73
,Brandon Miller,Cha,F,21.3,58,32.1,23.5,10.9,125,0.824,476,0.494,369,0.371,0.521,0.547,17.0,4.3,2.4,0.9,0.6,1.8,21.2,19.4,23.6,7.0,105.3,115.6,86.07142857142857,73
,Myles Turner,Ind,C,28.0,62,27.3,23.5,11.2,266,0.782,490,0.618,250,0.336,0.58,0.622,17.2,7.0,1.3,0.5,1.8,1.5,24.2,18.5,25.5,7.9,118.8,110.0,86.07142857142857,73
,Tobias Harris,Phi,F,31.7,59,33.9,20.5,9.1,182,0.885,588,0.546,209,0.335,0.535,0.577,17.2,6.3,3.2,1.1,0.5,1.4,23.4,20.3,26.6,8.3,118.2,113.5,86.07142857142857,73
,Klay Thompson,Gol,F,34.1,61,29.7,23.6,9.4,114,0.912,348,0.483,531,0.382,0.538,0.564,17.2,3.4,2.2,0.6,0.5,1.5,20.6,19.4,22.8,6.8,111.0,114.9,86.07142857142857,73
,Kelly Oubre Jr.,Phi,F-G,28.3,52,29.3,21.5,8.4,173,0.734,393,0.529,238,0.307,0.503,0.539,14.7,4.7,1.3,1.2,0.5,1.1,19.3,15.9,20.6,6.1,109.6,108.1,103.25,89
,Keegan Murray,Sac,F,23.6,59,32.9,17.7,6.6,100,0.84,354,0.568,358,0.355,0.55,0.573,14.7,5.2,1.6,1.1,0.7,0.8,19.9,16.3,21.5,6.0,116.4,111.8,103.25,89
,John Collins,Uta,F,26.5,61,28.3,19.8,11.8,151,0.781,455,0.609,211,0.341,0.578,0.606,14.6,8.5,1.2,0.6,1.0,1.5,23.1,15.7,24.2,7.5,117.7,111.1,103.25,89
,Dennis Schroder,Bro,G,30.5,14,30.2,21.6,16.9,24,0.583,98,0.449,69,0.493,0.569,0.574,14.6,2.9,5.9,0.5,0.2,2.4,17.4,20.4,23.3,8.3,111.5,116.1,103.25,89
,Buddy Hield,Phi,G,31.2,15,31.4,19.7,11.3,11,0.909,69,0.464,119,0.403,0.553,0.565,14.5,3.6,4.7,1.2,0.3,1.6,18.1,19.3,22.9,8.0,115.4,111.3,103.25,89
,Marcus Smart,Mem,G,30.0,20,30.2,23.1,20.7,56,0.768,103,0.583,134,0.313,0.519,0.552,14.5,2.7,4.3,2.1,0.3,3.1,17.1,18.8,21.4,7.3,99.7,108.2,103.25,89
,Bennedict Mathurin,Ind,F,21.7,59,26.1,23.3,12.8,224,0.821,449,0.481,214,0.374,0.507,0.562,14.5,4.0,2.0,0.6,0.2,1.6,18.5,16.5,20.5,7.5,109.6,116.6,103.25,89
,Terry Rozier,Mia,G,30.0,17,31.4,22.5,9.4,39,0.949,147,0.476,83,0.301,0.467,0.51,14.8,4.5,5.8,0.9,0.2,1.4,19.3,20.6,25.1,9.3,111.5,110.5,103.25,89
,Donte DiVincenzo,Nyk,G,27.1,64,26.7,21.7,10.6,82,0.744,223,0.525,516,0.401,0.578,0.591,14.3,3.5,2.6,1.3,0.4,1.4,17.8,16.9,20.4,7.6,118.6,108.2,103.25,89
,Gordon Hayward,Cha,F,34.0,25,31.9,21.0,14.6,81,0.765,236,0.496,61,0.361,0.505,0.544,14.5,4.7,4.6,1.1,0.5,2.0,19.2,19.1,23.8,8.5,109.2,117.3,103.25,89
,Khris Middleton,Mil,F,32.6,43,26.3,23.8,15.2,95,0.832,304,0.556,193,0.378,0.56,0.59,14.8,4.3,5.0,0.9,0.3,2.1,19.1,19.8,24.1,10.4,115.7,108.9,103.25,89
,Deandre Ayton,Por,C,25.6,42,31.8,19.3,12.5,53,0.83,508,0.571,1,0.0,0.57,0.586,14.9,10.9,1.7,1.0,0.8,1.7,25.7,16.5,27.4,8.2,114.1,111.0,103.25,89
,Immanuel Quickley,Nyk,G,24.7,30,24.0,24.3,8.5,94,0.872,173,0.509,162,0.395,0.549,0.598,15.0,2.6,2.5,0.5,0.1,1.0,17.6,17.5,20.0,7.7,123.7,111.2,103.25,89
,Malcolm Brogdon,Por,G,31.3,39,28.7,23.1,10.8,116,0.819,297,0.458,199,0.412,0.522,0.56,15.7,3.8,5.5,0.7,0.2,1.5,19.5,21.2,25.0,9.6,119.8,117.5,103.25,89
,Evan Mobley,Cle,C,22.7,38,31.1,20.6,14.6,125,0.704,392,0.602,35,0.314,0.591,0.615,15.6,10.2,3.1,0.9,1.6,1.9,25.8,18.7,28.9,10.2,119.3,102.1,103.25,89
,OG Anunoby,Nyk,F,26.7,15,35.3,16.8,11.6,38,0.842,99,0.606,69,0.391,0.598,0.631,15.5,4.6,1.5,1.7,1.0,1.5,20.1,17.1,21.7,5.4,121.3,109.1,103.25,89
,Jaden Ivey,Det,G,22.1,60,28.3,24.5,16.5,247,0.757,456,0.502,275,0.335,0.502,0.548,15.4,3.5,3.6,0.7,0.6,2.4,18.9,19.0,22.5,8.2,107.0,114.5,103.25,89
,Jalen Johnson,Atl,F,22.2,48,34.0,18.2,12.5,121,0.727,420,0.59,162,0.346,0.57,0.592,15.7,8.6,3.4,1.1,0.9,1.7,24.3,19.1,27.7,9.1,117.7,112.6,103.25,89
,Simone Fontecchio,Det,F,28.3,13,29.0,19.2,7.3,19,0.842,72,0.556,79,0.43,0.603,0.621,15.2,4.0,2.0,1.0,0.2,0.9,19.2,17.2,21.2,6.8,121.8,117.3,103.25,89
,OG Anunoby,Tor,F,26.7,27,33.3,18.2,11.8,46,0.717,158,0.608,163,0.374,0.584,0.598,15.1,4.0,2.7,1.0,0.5,1.6,19.1,17.8,21.7,6.6,112.9,115.4,103.25,89
,Derrick White,Bos,G,29.7,61,32.3,18.7,12.4,129,0.899,297,0.556,396,0.402,0.582,0.616,15.1,4.1,5.0,1.0,1.3,1.6,19.2,20.1,24.2,8.4,125.7,108.8,103.25,89
,De'Andre Hunter,Atl,F,26.3,40,28.3,20.0,11.3,140,0.857,242,0.521,191,0.419,0.568,0.619,15.3,3.8,1.3,0.8,0.3,1.4,19.1,16.6,20.4,6.0,118.9,113.8,103.25,89
,P.J. Washington,Cha,F,25.6,44,29.2,21.0,11.5,94,0.713,265,0.558,244,0.324,0.524,0.545,13.6,5.3,2.2,0.9,0.7,1.5,18.9,15.8,21.1,7.4,106.6,113.6,122.33333333333333,111
,Jonas Valanciunas,Nor,C,31.9,64,24.9,20.5,13.0,172,0.802,494,0.607,99,0.354,0.594,0.63,13.2,9.5,2.2,0.4,1.0,1.4,22.7,15.4,24.9,10.5,125.5,101.1,122.33333333333333,111
,Jabari Smith Jr.,Hou,F,20.8,60,32.1,17.3,10.1,143,0.818,360,0.519,288,0.358,0.527,0.563,13.3,8.6,1.5,0.8,0.8,1.2,21.9,14.8,23.4,6.9,114.1,106.2,122.33333333333333,111
,Grant Williams,Cha,F,25.3,14,30.9,18.5,18.6,50,0.78,70,0.586,61,0.361,0.565,0.611,13.4,5.2,2.4,0.8,0.4,2.1,18.6,15.8,21.0,7.1,112.1,112.7,122.33333333333333,111
,Duncan Robinson,Mia,F,29.9,59,28.3,19.2,12.1,83,0.892,187,0.561,416,0.406,0.595,0.618,13.4,2.5,2.9,0.7,0.2,1.4,15.9,16.4,18.8,6.5,116.2,109.2,122.33333333333333,111
,Dalano Banton,Por,F,24.3,13,23.1,26.2,10.8,43,0.674,93,0.452,55,0.382,0.497,0.527,13.5,4.3,2.7,0.5,0.5,1.4,17.8,16.2,20.5,9.3,109.6,114.8,122.33333333333333,111
,Bobby Portis,Mil,F,29.1,66,24.0,22.2,8.3,111,0.793,508,0.545,200,0.38,0.552,0.575,13.2,7.1,1.2,0.7,0.4,1.0,20.3,14.3,21.5,8.0,114.7,106.0,122.33333333333333,111
,Saddiq Bey,Atl,F,24.9,63,32.7,16.8,7.2,203,0.837,339,0.522,358,0.316,0.497,0.549,13.7,6.5,1.5,0.8,0.2,0.9,20.2,15.2,21.7,6.3,119.9,119.4,122.33333333333333,111
,Marvin Bagley III,Was,F,25.0,18,25.2,21.1,11.8,58,0.672,168,0.571,11,0.364,0.57,0.594,13.5,8.5,1.5,0.7,0.8,1.3,22.0,15.0,23.5,8.8,120.7,114.7,122.33333333333333,111
,Dennis Schroder,Tor,G,30.5,51,30.6,19.4,12.9,149,0.852,339,0.501,220,0.35,0.511,0.559,13.7,2.7,6.1,0.9,0.2,1.6,16.4,19.8,22.6,8.0,117.9,116.1,122.33333333333333,111
,Jalen Duren,Det,C,20.3,49,29.8,17.8,17.8,132,0.773,455,0.633,3,0.0,0.629,0.657,13.8,11.7,2.6,0.5,0.8,2.0,25.5,16.4,28.1,10.1,123.1,108.4,122.33333333333333,111
,Deni Avdija,Was,F,23.2,62,28.9,19.8,16.7,201,0.736,448,0.554,182,0.39,0.563,0.596,13.8,6.8,3.6,0.8,0.4,2.0,20.7,17.5,24.3,9.6,112.4,113.3,122.33333333333333,111
,Cameron Johnson,Bro,F,28.0,49,27.7,19.8,8.2,88,0.773,234,0.526,303,0.396,0.564,0.585,13.8,4.4,2.5,0.8,0.3,1.0,18.2,16.2,20.7,7.7,118.9,113.4,122.33333333333333,111
,Norman Powell,Lac,G,30.8,63,25.9,20.1,8.1,135,0.822,317,0.539,319,0.436,0.597,0.626,13.8,2.7,1.1,0.6,0.3,0.9,16.5,14.9,17.6,5.3,119.9,113.2,122.33333333333333,111
,Caris LeVert,Cle,G,29.5,53,28.1,23.5,11.3,146,0.747,381,0.472,271,0.328,0.481,0.514,13.9,3.9,5.0,1.0,0.5,1.6,17.8,18.8,22.7,9.2,109.6,109.1,122.33333333333333,111
,Aaron Gordon,Den,F,28.5,59,31.4,17.9,12.8,207,0.652,474,0.62,110,0.291,0.586,0.607,13.9,6.4,3.2,0.8,0.6,1.5,20.3,17.1,23.5,8.4,122.8,112.2,122.33333333333333,111
,Trey Murphy III,Nor,F,23.7,39,27.1,19.1,4.2,89,0.764,112,0.616,299,0.378,0.58,0.605,14.0,4.2,1.8,0.8,0.5,0.5,18.2,15.8,20.1,7.0,125.9,111.8,122.33333333333333,111
,Rudy Gobert,Min,C,31.7,63,33.9,15.3,15.9,313,0.649,505,0.651,3,0.0,0.648,0.667,13.7,12.9,1.2,0.6,2.1,1.5,26.5,14.9,27.8,7.0,129.3,99.5,122.33333333333333,111
,Brook Lopez,Mil,C,35.9,63,31.1,15.6,8.5,105,0.829,289,0.612,321,0.352,0.568,0.594,12.4,5.3,1.6,0.6,2.6,0.9,17.7,14.0,19.3,6.1,120.0,111.6,141.38888888888889,129
,Gary Trent Jr.,Tor,G-F,25.1,59,27.3,18.7,5.7,61,0.705,282,0.443,361,0.402,0.533,0.543,12.3,2.4,1.5,1.0,0.2,0.7,14.8,13.8,16.3,5.2,108.7,118.0,141.38888888888889,129
,Nic Claxton,Bro,C,24.9,55,29.6,15.8,12.6,150,0.593,461,0.631,4,0.25,0.629,0.635,12.3,9.8,2.0,0.6,2.1,1.2,22.1,14.3,24.1,8.4,125.4,108.3,141.38888888888889,129
,Aaron Nesmith,Ind,G-F,24.4,57,27.3,16.1,9.6,109,0.725,235,0.574,263,0.445,0.623,0.641,12.3,3.8,1.4,1.0,0.7,0.9,16.1,13.7,17.5,5.9,122.1,111.1,141.38888888888889,129
,Bruce Brown,Ind,G,27.6,33,29.7,16.7,11.5,82,0.817,213,0.545,101,0.327,0.527,0.568,12.1,4.7,3.0,1.1,0.2,1.2,16.7,15.1,19.8,7.5,115.1,114.6,141.38888888888889,129
,Max Strus,Cle,F,28.0,60,32.2,17.3,12.5,79,0.785,215,0.553,423,0.34,0.525,0.544,12.2,4.7,3.8,0.9,0.5,1.5,16.9,16.0,20.8,7.5,111.0,107.6,141.38888888888889,129
,Jalen Suggs,Orl,G,22.8,58,26.6,20.1,16.7,107,0.757,251,0.542,303,0.393,0.568,0.591,12.2,3.3,2.6,1.4,0.6,1.9,15.5,14.8,18.1,7.1,109.4,103.5,141.38888888888889,129
,Harrison Barnes,Sac,F,31.8,64,29.2,15.0,7.0,144,0.806,256,0.594,299,0.398,0.595,0.628,12.1,2.8,1.1,0.7,0.2,0.7,15.0,13.3,16.1,4.6,124.5,118.0,141.38888888888889,129
,Cam Whitmore,Hou,F,19.7,38,17.8,27.7,8.9,88,0.67,197,0.553,169,0.361,0.548,0.568,12.1,3.9,0.5,0.6,0.3,0.9,16.0,12.6,16.4,6.4,108.4,108.0,141.38888888888889,129
,Bojan Bogdanovic,Nyk,F,34.9,12,23.4,23.4,12.6,26,0.808,56,0.464,68,0.368,0.512,0.546,12.3,2.6,1.0,0.4,0.1,1.5,14.9,13.3,15.9,5.4,104.9,108.2,141.38888888888889,129
,Corey Kispert,Was,F,25.0,63,23.3,20.3,11.0,117,0.769,227,0.656,358,0.372,0.596,0.618,12.5,2.6,1.8,0.4,0.2,1.1,15.1,14.3,16.8,6.7,113.7,118.8,141.38888888888889,129
,Keyonte George,Uta,G,20.3,58,25.8,21.8,17.4,161,0.82,262,0.45,327,0.364,0.503,0.549,12.5,2.8,4.4,0.5,0.1,2.1,15.3,16.9,19.7,8.3,109.6,120.4,141.38888888888889,129
,Andrew Wiggins,Gol,F,29.1,55,26.8,19.9,10.1,134,0.724,400,0.503,178,0.354,0.511,0.54,12.5,4.2,1.7,0.6,0.5,1.2,16.7,14.2,18.4,6.7,110.7,112.4,141.38888888888889,129
,Spencer Dinwiddie,Bro,G,30.9,48,30.7,18.5,11.0,160,0.781,221,0.48,278,0.32,0.48,0.53,12.6,3.3,6.0,0.8,0.2,1.3,15.9,18.6,21.9,8.2,118.6,115.7,141.38888888888889,129
,Alec Burks,Det,G,32.6,43,20.9,23.3,7.3,134,0.903,159,0.384,247,0.401,0.516,0.581,12.6,2.6,1.6,0.5,0.3,0.7,15.1,14.1,16.7,7.2,119.1,117.1,141.38888888888889,129
,Mark Williams,Cha,C,22.2,19,26.8,16.9,10.1,64,0.719,151,0.649,0,0.0,0.649,0.675,12.7,9.7,1.2,0.8,1.1,0.9,22.4,13.9,23.6,7.9,137.0,110.0,141.38888888888889,129
,Naz Reid,Min,C-F,24.5,66,23.5,22.2,11.2,113,0.761,337,0.546,311,0.415,0.583,0.603,12.7,4.9,1.2,0.7,0.9,1.2,17.6,13.9,18.8,7.2,113.0,102.3,141.38888888888889,129
,Jaime Jaquez Jr.,Mia,G,23.1,58,29.4,19.0,13.8,142,0.803,413,0.567,161,0.329,0.546,0.582,12.8,4.0,2.6,1.1,0.2,1.6,16.8,15.3,19.4,6.9,112.8,108.5,141.38888888888889,129
,Scoot Henderson,Por,G,20.1,45,27.1,25.5,20.0,152,0.822,353,0.414,177,0.305,0.428,0.485,12.9,3.0,4.8,0.6,0.2,3.0,15.8,17.6,20.6,8.4,97.7,111.8,141.38888888888889,129
,Dillon Brooks,Hou,F,28.1,56,31.3,17.5,10.6,119,0.832,316,0.487,282,0.376,0.523,0.557,12.9,3.5,1.6,0.9,0.1,1.3,16.4,14.6,18.1,5.3,109.5,106.9,141.38888888888889,129
,Jrue Holiday,Bos,G,33.8,59,33.3,16.4,15.4,72,0.833,326,0.521,274,0.442,0.586,0.604,12.9,5.6,4.9,0.9,0.7,1.8,18.5,17.8,23.4,8.5,121.9,110.2,141.38888888888889,129
,Grayson Allen,Pho,G,28.4,59,33.6,13.9,13.1,115,0.887,178,0.539,333,0.474,0.652,0.684,13.0,3.9,3.1,0.9,0.7,1.3,16.9,16.1,20.0,6.4,130.1,113.1,141.38888888888889,129
,Rui Hachimura,Lal,F,26.1,52,25.5,18.7,7.0,101,0.713,322,0.575,170,0.412,0.589,0.608,12.5,3.7,1.1,0.7,0.3,0.7,16.3,13.6,17.3,5.8,117.0,113.7,141.38888888888889,129
,Kelly Olynyk,Tor,F-C,32.9,13,23.4,19.9,16.1,41,0.829,68,0.574,36,0.333,0.548,0.606,11.4,4.6,3.4,1.5,0.7,1.5,16.0,14.8,19.4,9.6,120.8,105.0,163.0,152
,Zach Collins,San,C,26.3,54,23.0,22.1,18.0,125,0.736,340,0.559,151,0.305,0.527,0.559,11.3,5.3,2.9,0.5,0.8,2.0,16.6,14.2,19.5,9.7,106.7,107.8,163.0,152
,Herbert Jones,Nor,G,25.4,59,29.4,14.5,13.2,116,0.853,252,0.579,209,0.435,0.613,0.648,11.3,3.6,2.5,1.3,0.8,1.2,14.8,13.7,17.3,6.4,126.0,106.5,163.0,152
,Lamar Stevens,Mem,F,26.7,12,21.7,23.2,10.8,24,0.75,98,0.49,17,0.412,0.509,0.538,11.3,4.9,0.7,0.6,0.9,1.2,16.2,11.9,16.8,6.2,101.9,108.0,163.0,152
,Clint Capela,Atl,C,29.8,56,25.3,17.1,10.0,151,0.669,470,0.562,0,0.0,0.562,0.586,11.2,10.4,1.1,0.5,1.5,0.9,21.6,12.3,22.7,8.0,126.7,110.7,163.0,152
,Isaiah Stewart,Det,F,22.8,42,31.0,14.8,15.0,81,0.753,195,0.564,163,0.368,0.559,0.586,11.0,6.8,1.6,0.4,0.8,1.5,17.8,12.6,19.4,6.4,111.7,116.0,163.0,152
,Lonnie Walker IV,Bro,G-F,25.2,44,18.2,25.3,9.8,53,0.774,180,0.472,223,0.422,0.561,0.578,11.2,2.2,1.4,0.7,0.3,1.0,13.4,12.6,14.8,7.2,109.5,112.2,163.0,152
,Russell Westbrook,Lac,G,35.3,58,22.6,24.8,17.2,133,0.677,431,0.51,138,0.268,0.484,0.511,11.1,5.1,4.4,1.1,0.4,2.0,16.1,15.5,20.5,11.1,107.1,108.6,163.0,152
,Jakob Poeltl,Tor,C,28.4,50,26.4,16.2,16.9,107,0.551,378,0.656,0,0.0,0.656,0.653,11.1,8.6,2.5,0.7,1.5,1.5,19.7,13.6,22.2,9.4,124.1,107.2,163.0,152
,P.J. Washington,Dal,F,25.6,13,31.2,15.8,10.6,21,0.714,56,0.625,70,0.3,0.528,0.547,11.4,5.3,1.3,1.1,0.8,1.2,16.7,12.7,18.0,5.5,108.0,114.3,163.0,152
,Moritz Wagner,Orl,F-C,26.9,63,18.3,22.6,14.5,178,0.803,355,0.668,91,0.319,0.629,0.671,11.2,4.6,1.2,0.5,0.3,1.2,15.8,12.4,17.0,8.6,126.0,102.4,163.0,152
,Malik Beasley,Mil,G,27.3,64,29.7,14.3,7.4,28,0.643,146,0.527,431,0.432,0.617,0.619,11.4,3.8,1.4,0.8,0.1,0.7,15.3,12.8,16.7,5.3,119.2,112.6,163.0,152
,Eric Gordon,Pho,G,35.2,53,29.5,16.8,11.0,58,0.793,191,0.56,329,0.38,0.566,0.582,12.0,2.1,2.2,0.9,0.5,1.2,14.0,14.2,16.2,5.2,112.5,116.6,163.0,152
,De'Anthony Melton,Phi,G,25.8,36,27.8,18.0,10.1,79,0.835,141,0.433,207,0.362,0.499,0.54,11.5,3.8,3.1,1.6,0.4,1.1,15.3,14.5,18.3,7.4,113.8,109.7,163.0,152
,Tyus Jones,Was,G,27.8,65,29.3,16.3,8.9,40,0.8,405,0.538,250,0.412,0.569,0.578,12.0,2.7,7.3,1.1,0.3,1.0,14.7,19.3,22.0,8.4,126.3,122.9,163.0,152
,Buddy Hield,Ind,G,31.2,52,25.7,18.6,10.7,33,0.848,160,0.575,357,0.384,0.575,0.586,12.0,3.2,2.7,0.8,0.6,1.2,15.2,14.7,17.9,7.3,114.0,116.2,163.0,152
,GG Jackson,Mem,F,19.2,32,21.4,24.1,10.5,92,0.717,155,0.503,151,0.351,0.515,0.55,11.9,3.6,0.8,0.4,0.6,1.1,15.5,12.7,16.3,6.1,105.6,113.5,163.0,152
,Cole Anthony,Orl,G,23.8,64,23.0,23.6,14.9,198,0.828,395,0.491,212,0.311,0.483,0.54,11.7,4.0,3.1,0.8,0.5,1.7,15.7,14.8,18.8,9.1,109.5,103.5,163.0,152
,Josh Giddey,Okc,G,21.4,64,24.7,22.6,16.2,87,0.828,471,0.507,185,0.33,0.504,0.528,11.5,6.1,4.4,0.7,0.5,2.0,17.6,15.8,22.0,10.9,108.6,110.2,163.0,152
,Ivica Zubac,Lac,C,27.0,52,26.2,16.4,13.6,130,0.685,394,0.655,0,0.0,0.655,0.67,11.6,9.2,1.3,0.2,1.2,1.2,20.8,13.0,22.1,7.9,131.3,105.7,163.0,152
,Wendell Carter Jr.,Orl,C,24.9,38,26.2,17.1,13.5,102,0.725,189,0.608,111,0.405,0.608,0.636,11.6,6.9,1.6,0.5,0.6,1.2,18.5,13.2,20.1,7.7,124.0,105.4,163.0,152
,Jeremy Sochan,San,G,20.8,66,29.6,18.5,15.3,126,0.778,488,0.49,191,0.33,0.491,0.521,11.6,6.2,3.4,0.8,0.5,1.9,17.8,15.0,21.2,8.5,104.9,113.6,163.0,152
,Tre Mann,Cha,G,23.1,11,30.5,17.4,13.6,19,0.789,66,0.47,42,0.405,0.523,0.55,11.6,5.2,4.7,1.6,0.0,1.5,16.8,16.4,21.5,8.6,112.4,114.1,163.0,152
,Jusuf Nurkic,Pho,C,29.6,61,27.3,19.7,21.1,213,0.648,439,0.579,87,0.241,0.543,0.572,11.6,10.8,3.8,1.0,1.0,2.3,22.4,15.4,26.1,11.4,114.0,100.2,163.0,152
,Vasilije Micic,Cha,G,30.2,14,25.3,21.8,19.8,24,0.875,85,0.518,48,0.25,0.466,0.505,10.4,2.4,5.9,0.6,0.0,2.4,12.7,16.3,18.6,8.3,103.5,119.4,182.8181818181818,176
,Cameron Payne,Phi,G,29.6,14,21.1,22.9,9.4,21,0.905,71,0.465,64,0.313,0.467,0.503,10.4,1.6,3.2,0.4,0.3,1.0,11.9,13.6,15.1,7.1,108.8,112.2,182.8181818181818,176
,Obi Toppin,Ind,F,26.0,66,21.9,16.5,10.6,89,0.753,271,0.694,203,0.399,0.653,0.668,10.4,3.9,1.5,0.5,0.5,0.8,14.3,11.9,15.7,7.2,127.0,115.5,182.8181818181818,176
,Caleb Martin,Mia,F,28.5,47,27.2,17.1,11.9,75,0.773,248,0.484,159,0.403,0.531,0.557,10.4,4.6,2.1,0.7,0.4,1.2,15.0,12.5,17.1,6.8,110.9,108.3,182.8181818181818,176
,Scotty Pippen Jr.,Mem,G,23.3,8,22.6,19.9,20.2,21,0.714,36,0.417,23,0.565,0.585,0.615,10.5,3.4,4.5,1.0,0.5,1.9,13.9,15.0,18.4,9.6,118.9,105.5,182.8181818181818,176
,Santi Aldama,Mem,F-C,23.2,54,25.8,18.7,11.3,75,0.613,242,0.529,262,0.34,0.519,0.53,10.5,5.6,2.2,0.7,0.8,1.2,16.1,12.7,18.3,7.8,106.1,111.3,182.8181818181818,176
,Kevin Huerter,Sac,G,25.5,62,24.9,17.4,8.5,47,0.766,218,0.573,339,0.363,0.556,0.567,10.6,3.6,2.6,0.7,0.4,0.8,14.1,13.2,16.8,7.4,116.3,111.7,182.8181818181818,176
,Mike Conley,Min,G,36.4,61,28.9,15.1,12.5,79,0.911,183,0.47,314,0.43,0.58,0.61,10.6,3.0,6.1,1.0,0.2,1.2,13.6,16.8,19.7,8.0,130.5,107.9,182.8181818181818,176
,Daniel Gafford,Dal,F-C,25.4,13,18.5,18.0,11.5,32,0.656,77,0.766,0,0.0,0.766,0.763,10.7,7.1,0.8,0.6,1.6,0.8,17.8,11.5,18.5,8.5,145.5,102.2,182.8181818181818,176
,Ayo Dosunmu,Chi,G,24.2,63,27.5,16.6,12.4,73,0.781,310,0.555,235,0.396,0.572,0.589,10.8,2.8,2.9,0.9,0.5,1.2,13.6,13.7,16.5,6.5,116.5,113.4,182.8181818181818,176
,Luguentz Dort,Okc,F,24.9,63,28.5,15.0,9.2,108,0.824,211,0.498,311,0.412,0.569,0.6,10.8,3.7,1.3,0.9,0.7,0.8,14.6,12.2,15.9,5.2,118.7,107.7,182.8181818181818,176
,Daniel Gafford,Was,C,25.4,45,26.5,13.8,13.5,119,0.706,294,0.69,0,0.0,0.69,0.707,10.9,8.0,1.5,1.0,2.2,1.0,18.9,12.4,20.4,7.7,137.1,109.1,182.8181818181818,176
,Luke Kennard,Mem,G,27.7,34,25.0,16.7,13.3,43,0.884,64,0.453,203,0.453,0.625,0.651,10.9,2.8,3.1,0.5,0.0,1.2,13.7,14.1,16.9,7.3,123.3,115.4,182.8181818181818,176
,Brandin Podziemski,Gol,G,21.0,56,27.0,16.0,13.0,71,0.62,286,0.5,188,0.378,0.526,0.537,9.7,5.8,3.9,0.8,0.2,1.3,15.5,13.6,19.4,8.9,116.4,112.0,201.0,189
,Isaac Okoro,Cle,F,23.1,56,27.1,14.2,10.0,118,0.686,222,0.577,174,0.402,0.588,0.611,9.8,3.1,2.0,0.9,0.6,0.8,12.9,11.8,14.9,5.8,123.5,108.9,201.0,189
,Talen Horton-Tucker,Uta,G,23.3,42,19.6,23.5,12.9,90,0.8,230,0.439,141,0.333,0.462,0.505,9.9,2.5,3.6,0.9,0.4,1.3,12.4,13.5,16.0,9.1,109.4,113.6,201.0,189
,Patty Mills,Mia,G,35.6,2,14.9,22.4,6.7,0,0.0,6,0.667,8,0.5,0.714,0.714,10.0,2.0,0.0,0.0,0.0,0.5,12.0,10.0,12.0,0.0,117.4,107.3,201.0,189
,Vince Williams Jr.,Mem,G,23.5,52,27.6,15.9,19.5,130,0.8,170,0.529,209,0.378,0.55,0.597,10.0,5.6,3.4,0.9,0.7,1.8,15.6,13.4,19.0,8.3,114.0,106.9,201.0,189
,Nick Richards,Cha,C,26.3,55,26.4,13.4,16.3,157,0.726,313,0.693,1,0.0,0.691,0.715,10.0,8.2,0.8,0.4,1.2,1.1,18.1,10.8,19.0,6.1,133.9,111.1,201.0,189
,Tari Eason,Hou,F,22.8,22,21.8,19.8,9.6,33,0.636,139,0.504,50,0.36,0.513,0.528,9.8,7.0,1.2,1.4,0.9,0.9,16.7,11.0,18.0,8.0,110.1,100.6,201.0,189
,Kentavious Caldwell-Pope,Den,G,31.1,59,31.8,13.1,11.2,101,0.921,231,0.498,230,0.396,0.546,0.59,10.1,2.4,2.4,1.3,0.5,1.0,12.5,12.5,14.9,4.9,118.1,113.4,201.0,189
,Patrick Williams,Chi,F,22.5,43,27.3,16.6,13.7,66,0.788,211,0.474,148,0.399,0.525,0.553,10.0,3.9,1.5,0.9,0.8,1.3,13.8,11.5,15.4,5.7,107.1,112.5,201.0,189
,Jaden McDaniels,Min,F,23.5,56,29.2,15.5,12.4,56,0.75,289,0.585,192,0.344,0.557,0.572,10.3,3.0,1.4,0.9,0.5,1.2,13.3,11.8,14.7,4.8,108.1,103.0,201.0,189
,Jalen Smith,Ind,F-C,24.0,46,17.8,19.2,11.2,80,0.688,192,0.714,109,0.44,0.694,0.703,10.3,5.6,1.1,0.2,0.6,0.8,15.8,11.4,17.0,9.0,132.8,109.6,201.0,189
,Josh Richardson,Mia,G,30.5,43,25.6,16.4,9.4,54,0.944,157,0.561,190,0.347,0.539,0.573,9.9,2.8,2.4,0.6,0.3,0.8,12.7,12.3,15.1,6.3,115.9,110.6,201.0,189
,Marvin Bagley III,Det,F,25.0,26,18.4,20.9,13.8,61,0.82,175,0.606,6,0.167,0.594,0.638,10.2,4.5,1.0,0.2,0.5,1.1,14.7,11.2,15.8,7.8,121.4,115.4,201.0,189
,Onyeka Okongwu,Atl,F-C,23.3,53,25.8,13.5,11.4,115,0.8,286,0.671,65,0.338,0.641,0.675,10.2,7.0,1.3,0.5,1.1,0.8,17.2,11.6,18.5,7.0,136.0,110.5,201.0,189
,Reggie Jackson,Den,G,33.9,65,22.2,21.2,11.9,67,0.776,370,0.497,223,0.35,0.508,0.525,10.1,2.0,3.7,0.5,0.1,1.2,12.0,13.8,15.7,7.6,109.5,112.0,201.0,189
,Tre Jones,San,G,24.2,61,26.5,15.1,16.1,96,0.875,311,0.592,141,0.319,0.556,0.594,9.6,3.4,6.0,1.0,0.1,1.4,13.0,15.7,19.0,8.8,123.9,117.9,220.0,204
,Davis Bertans,Cha,F,31.3,12,19.1,18.9,3.1,7,0.714,12,0.333,81,0.42,0.591,0.598,9.6,1.9,1.2,0.8,0.2,0.3,11.5,10.8,12.7,5.9,121.6,115.8,220.0,204
,Alex Caruso,Chi,G,30.0,56,27.4,14.8,15.3,80,0.75,157,0.599,251,0.375,0.576,0.598,9.5,3.7,2.9,1.6,1.1,1.3,13.2,12.4,16.1,6.8,117.0,108.9,220.0,204
,Duop Reath,Por,C,27.7,50,18.2,20.6,10.0,73,0.712,182,0.577,185,0.378,0.572,0.591,9.4,3.8,1.1,0.5,0.6,0.8,13.2,10.5,14.3,7.5,118.4,106.7,220.0,204
,Chris Paul,Gol,G,38.9,40,27.0,14.9,12.9,48,0.833,164,0.488,152,0.375,0.524,0.55,9.3,3.9,7.1,1.3,0.1,1.2,13.2,16.4,20.3,9.4,127.9,111.6,220.0,204
,Dorian Finney-Smith,Bro,F,30.9,56,28.4,13.5,10.3,34,0.706,142,0.528,293,0.372,0.548,0.557,8.9,4.7,1.6,0.8,0.6,0.9,13.7,10.5,15.3,5.7,114.1,112.7,236.93333333333334,209
,Derrick Jones Jr.,Dal,F,27.1,60,23.6,15.0,11.5,104,0.721,199,0.628,199,0.352,0.578,0.603,8.9,3.4,1.0,0.8,0.7,0.9,12.3,9.9,13.3,5.3,117.4,114.4,236.93333333333334,209
,Malaki Branham,San,F,20.8,61,20.8,19.6,13.1,48,0.938,291,0.495,204,0.343,0.503,0.526,8.9,2.0,2.2,0.4,0.1,1.2,10.9,11.1,13.1,6.5,101.3,118.1,236.93333333333334,209
,Seth Curry,Cha,G,33.6,8,19.8,19.1,7.8,12,0.917,31,0.548,28,0.321,0.517,0.56,9.0,2.0,1.8,0.6,0.4,0.6,11.0,10.8,12.8,6.4,114.7,120.1,236.93333333333334,209
,Dereck Lively II,Dal,C,20.1,46,24.5,12.3,15.3,70,0.529,247,0.757,2,0.0,0.751,0.734,8.9,7.0,1.2,0.7,1.5,1.0,16.0,10.1,17.2,6.9,139.1,106.9,236.93333333333334,209
,Georges Niang,Cle,F,30.7,65,21.7,17.4,9.6,48,0.833,185,0.568,303,0.363,0.553,0.57,8.9,3.5,1.2,0.3,0.2,0.8,12.5,10.2,13.7,6.2,109.5,104.5,236.93333333333334,209
,Bruce Brown,Tor,G-F,27.6,20,26.0,15.7,11.2,30,1.0,118,0.492,40,0.25,0.462,0.514,8.8,4.4,2.3,0.7,0.4,1.0,13.2,11.1,15.4,6.9,108.0,113.9,236.93333333333334,209
,Simone Fontecchio,Uta,F,28.3,50,23.2,15.3,12.5,40,0.8,125,0.56,233,0.391,0.577,0.592,8.9,3.5,1.5,0.6,0.4,1.0,12.4,10.4,13.9,6.2,115.4,117.0,236.93333333333334,209
,Ausar Thompson,Det,F,21.1,63,25.1,16.5,14.9,119,0.597,367,0.575,113,0.186,0.505,0.522,8.8,6.4,1.9,1.1,0.9,1.3,15.2,10.7,17.1,7.6,106.7,109.7,236.93333333333334,209
,Andrew Nembhard,Ind,G-F,24.2,52,23.9,16.9,17.8,42,0.81,275,0.553,122,0.361,0.549,0.566,9.0,2.0,4.3,1.0,0.1,1.7,11.1,13.3,15.3,7.1,111.7,116.1,236.93333333333334,209
,T.J. McConnell,Ind,G,32.0,55,17.7,21.8,16.7,50,0.76,380,0.568,25,0.32,0.563,0.578,9.0,2.7,5.4,1.1,0.1,1.5,11.6,14.4,17.1,11.5,120.3,116.1,236.93333333333334,209
,Draymond Green,Gol,F,34.0,40,26.5,15.9,26.5,61,0.754,180,0.533,97,0.423,0.569,0.594,9.0,7.0,5.9,0.8,0.9,2.5,16.0,14.9,21.9,10.9,114.9,104.4,236.93333333333334,209
,Kevin Love,Mia,F,35.5,47,17.5,21.0,11.1,104,0.779,93,0.656,212,0.349,0.564,0.606,9.0,6.2,2.2,0.3,0.2,0.8,15.3,11.3,17.5,11.4,124.1,101.4,236.93333333333334,209
,Jordan Hawkins,Nor,G,21.9,55,19.5,20.0,8.1,75,0.853,147,0.429,281,0.37,0.512,0.544,9.1,2.6,1.2,0.3,0.1,0.7,11.7,10.3,12.9,6.3,110.9,111.6,236.93333333333334,209
,Josh Hart,Nyk,G,29.0,64,31.9,13.7,14.8,84,0.762,303,0.505,219,0.324,0.497,0.522,9.1,7.8,3.6,0.8,0.3,1.4,17.0,12.8,20.6,8.0,112.9,108.1,236.93333333333334,209
,Taurean Prince,Lal,F,30.0,63,28.5,13.4,10.5,53,0.717,174,0.523,304,0.388,0.561,0.572,9.1,3.0,1.6,0.8,0.5,0.9,12.1,10.7,13.7,4.9,107.7,112.6,236.93333333333334,209
,Precious Achiuwa,Nyk,F,24.5,33,27.2,14.4,14.7,53,0.66,195,0.585,42,0.262,0.551,0.569,9.0,7.7,1.1,0.7,1.4,1.2,16.7,10.0,17.7,6.2,116.0,106.6,236.93333333333334,209
,Sam Hauser,Bos,F,26.3,64,21.1,13.9,6.6,17,0.882,55,0.636,343,0.42,0.631,0.638,8.1,3.3,0.9,0.4,0.3,0.4,11.4,9.0,12.3,5.5,126.4,109.2,253.4,226
,Moses Moody,Gol,G,21.8,50,17.7,18.6,9.7,71,0.789,174,0.569,153,0.327,0.532,0.564,8.1,3.2,0.7,0.7,0.4,0.7,11.2,8.8,12.0,5.9,113.7,112.2,253.4,226
,Isaiah Joe,Okc,G,24.7,61,18.4,16.7,8.9,40,0.85,102,0.578,276,0.413,0.608,0.624,8.1,2.3,1.1,0.6,0.3,0.6,10.4,9.2,11.5,5.9,119.5,111.9,253.4,226
,Grant Williams,Dal,F,25.3,47,26.4,13.6,14.3,55,0.745,107,0.486,210,0.376,0.538,0.56,8.1,3.6,1.7,0.5,0.6,1.1,11.7,9.9,13.4,5.6,110.2,110.6,253.4,226
,Kelly Olynyk,Uta,F-C,32.9,50,20.4,15.5,23.9,95,0.842,174,0.626,84,0.429,0.632,0.677,8.1,5.1,4.4,0.7,0.2,1.6,13.2,12.5,17.6,11.1,129.2,107.6,253.4,226
,Ziaire Williams,Mem,F,22.5,51,20.3,19.9,14.9,75,0.827,189,0.487,189,0.307,0.474,0.511,8.2,3.5,1.5,0.7,0.2,1.3,11.8,9.7,13.2,6.9,98.2,108.9,253.4,226
,Terance Mann,Lac,G-F,27.4,58,25.4,13.0,8.8,66,0.803,211,0.621,163,0.331,0.567,0.592,8.2,3.4,1.7,0.5,0.2,0.6,11.6,9.9,13.3,5.7,124.8,113.2,253.4,226
,Markelle Fultz,Orl,G,25.8,27,22.3,18.2,13.2,25,0.6,200,0.51,10,0.1,0.493,0.502,8.2,3.3,3.1,1.1,0.3,1.2,11.6,11.3,14.7,7.9,108.0,108.3,253.4,226
,Andre Drummond,Chi,C,30.6,65,17.1,21.3,15.3,174,0.563,391,0.552,3,0.0,0.548,0.563,8.2,8.8,0.5,1.0,0.6,1.1,17.0,8.6,17.5,7.7,115.0,101.1,253.4,226
,Bilal Coulibaly,Was,G,19.6,61,27.1,14.0,17.0,119,0.706,235,0.498,179,0.352,0.511,0.544,8.3,4.0,1.7,0.9,0.8,1.4,12.3,10.0,14.0,5.7,101.9,116.2,253.4,226
,Walker Kessler,Uta,C,22.6,53,23.2,13.2,14.9,81,0.568,284,0.673,19,0.211,0.65,0.65,8.3,7.5,0.9,0.5,2.6,1.0,15.8,9.2,16.7,6.6,124.2,112.1,253.4,226
,Dante Exum,Dal,G,28.7,39,19.0,16.0,11.9,57,0.754,150,0.6,72,0.472,0.635,0.658,8.3,2.7,2.8,0.5,0.1,0.8,11.1,11.2,13.9,8.4,132.8,113.0,253.4,226
,David Roddy,Mem,F,23.0,48,23.2,18.2,12.3,67,0.687,230,0.47,156,0.301,0.462,0.485,8.4,4.2,1.6,0.5,0.2,1.1,12.6,10.0,14.1,6.6,98.1,112.1,253.4,226
,Dario Saric,Gol,F-C,29.9,60,17.8,19.3,16.1,89,0.854,186,0.559,194,0.376,0.562,0.6,8.4,4.6,2.4,0.5,0.2,1.2,13.0,10.7,15.3,10.2,119.0,106.7,253.4,226
,Jabari Walker,Por,F,21.6,57,22.1,16.6,12.2,125,0.768,276,0.547,106,0.264,0.505,0.551,8.5,6.5,0.9,0.6,0.4,0.9,14.9,9.3,15.8,6.7,113.5,108.3,253.4,226
,Josh Green,Dal,G,23.3,52,27.1,12.9,13.7,55,0.673,173,0.572,174,0.402,0.588,0.599,8.6,3.3,2.4,0.9,0.2,1.1,11.8,11.0,14.2,6.0,117.6,114.2,253.4,226
,Royce O'Neale,Pho,F,30.8,13,29.5,13.5,8.6,9,0.667,27,0.37,79,0.367,0.505,0.514,8.7,6.0,3.6,1.4,0.6,0.8,14.7,12.3,18.3,7.8,116.1,108.4,253.4,226
,Danilo Gallinari,Det,F,35.6,6,14.9,15.8,4.3,24,0.875,10,0.5,12,0.583,0.705,0.799,8.7,2.3,2.0,0.3,0.3,0.2,11.0,10.7,13.0,9.2,170.4,113.1,253.4,226
,Kyle Lowry,Mia,G,38.0,37,28.0,13.4,17.7,42,0.833,81,0.506,161,0.385,0.554,0.582,8.2,3.5,4.0,1.1,0.4,1.4,11.6,12.2,15.6,6.9,115.8,107.0,253.4,226
,DeJon Jarreau,Mem,G,26.1,2,24.5,19.3,18.7,2,1.0,14,0.357,3,0.333,0.382,0.419,7.5,7.5,5.5,2.5,0.0,2.0,15.0,13.0,20.5,11.0,94.3,98.1,272.1333333333333,245
,Cody Martin,Cha,F,28.5,28,26.9,15.9,17.0,33,0.606,129,0.426,86,0.314,0.444,0.46,7.5,3.9,3.7,1.1,0.6,1.6,11.4,11.3,15.1,7.1,96.7,116.0,272.1333333333333,245
,Jordan Goodwin,Mem,G,25.4,7,29.2,17.8,15.2,12,0.417,44,0.341,23,0.261,0.358,0.367,7.6,5.4,5.0,1.6,1.1,1.7,13.0,12.6,18.0,8.1,90.8,111.4,272.1333333333333,245
,Jake LaRavia,Mem,F,22.4,21,17.1,21.0,10.5,51,0.824,70,0.486,66,0.258,0.438,0.508,7.7,3.1,1.2,0.7,0.3,0.8,10.8,8.9,12.0,7.2,107.6,106.0,272.1333333333333,245
,Matt Ryan,Nor,F,26.9,19,18.4,15.8,14.7,14,0.929,19,0.368,85,0.471,0.644,0.667,7.7,2.1,0.8,0.3,0.1,0.9,9.8,8.6,10.6,5.1,117.4,109.7,272.1333333333333,245
,Sam Merrill,Cle,G,27.8,47,16.4,17.8,3.9,15,0.933,34,0.412,262,0.405,0.584,0.595,7.7,1.9,1.6,0.3,0.0,0.3,9.5,9.2,11.1,7.0,125.1,109.8,272.1333333333333,245
,Precious Achiuwa,Tor,F,24.5,25,17.5,21.2,14.6,42,0.571,123,0.528,47,0.277,0.497,0.512,7.7,5.4,1.8,0.6,0.5,1.2,13.2,9.5,14.9,9.6,106.3,109.5,272.1333333333333,245
,Kyle Lowry,Phi,G,38.0,9,28.7,12.3,18.7,12,0.917,21,0.476,35,0.371,0.527,0.571,7.8,3.0,5.6,1.1,0.1,1.4,10.8,13.3,16.3,7.1,121.3,113.2,272.1333333333333,245
,Jaden Hardy,Dal,G,21.7,57,14.3,24.4,9.6,61,0.754,203,0.453,194,0.366,0.5,0.523,7.8,1.8,1.5,0.3,0.1,0.7,9.6,9.3,11.1,7.7,105.8,114.6,272.1333333333333,245
,Amen Thompson,Hou,G-F,21.1,46,19.7,18.4,18.5,95,0.653,235,0.587,51,0.157,0.524,0.552,7.9,5.6,2.3,1.2,0.7,1.4,13.5,10.1,15.7,9.5,110.3,100.7,272.1333333333333,245
,Al Horford,Bos,C-F,37.8,54,26.7,11.3,10.1,22,0.864,125,0.64,205,0.4,0.615,0.626,7.9,6.6,2.7,0.6,1.0,0.7,14.5,10.5,17.1,7.8,132.8,107.6,272.1333333333333,245
,Payton Pritchard,Bos,G,26.1,65,20.5,16.1,8.8,39,0.821,147,0.565,288,0.375,0.563,0.577,8.0,3.2,2.7,0.4,0.1,0.6,11.2,10.7,13.9,8.0,125.5,109.7,272.1333333333333,245
,Derrick Rose,Mem,G,35.4,24,16.6,22.5,15.8,27,0.889,124,0.492,41,0.366,0.506,0.54,8.0,1.9,3.3,0.3,0.1,1.3,9.8,11.2,13.1,8.9,108.3,114.4,272.1333333333333,245
,Nickeil Alexander-Walker,Min,F,25.5,66,23.4,14.3,13.1,53,0.792,158,0.525,258,0.384,0.556,0.575,7.7,2.0,2.6,0.8,0.5,1.0,9.7,10.2,12.3,5.8,115.1,106.2,272.1333333333333,245
,Alec Burks,Nyk,G,32.6,13,15.0,27.7,8.5,19,0.684,52,0.346,55,0.273,0.379,0.407,7.2,1.6,0.8,0.2,0.1,0.8,8.8,8.0,9.6,5.6,88.3,115.3,293.375,259
,Day'Ron Sharpe,Bro,C,22.3,48,15.5,19.2,17.5,106,0.613,223,0.596,12,0.333,0.591,0.609,7.1,6.6,1.5,0.4,0.8,1.0,13.7,8.6,15.2,10.7,122.8,101.1,293.375,259
,Evan Fournier,Det,G-F,31.4,12,16.8,18.4,10.9,13,0.846,26,0.5,47,0.34,0.507,0.54,7.1,2.1,1.3,0.9,0.2,0.8,9.2,8.3,10.4,6.4,107.1,112.4,293.375,259
,Trey Lyles,Sac,F,28.4,49,19.8,14.1,10.6,63,0.698,82,0.598,180,0.383,0.582,0.602,7.1,4.4,1.1,0.3,0.3,0.6,11.5,8.2,12.7,6.6,120.4,112.1,293.375,259
,Gary Harris,Orl,G,29.5,41,23.1,12.1,9.3,37,0.757,72,0.625,152,0.382,0.589,0.608,7.1,1.6,1.7,0.9,0.3,0.6,8.7,8.8,10.4,4.6,123.6,109.0,293.375,259
,Trey Jemison,Mem,C,24.3,12,21.5,14.4,19.9,13,0.769,64,0.594,0,0.0,0.594,0.617,7.2,4.7,0.8,0.4,1.1,1.3,11.8,8.0,12.7,5.6,111.6,102.1,293.375,259
,Landry Shamet,Was,G,27.0,46,15.8,18.8,9.9,46,0.826,117,0.556,157,0.338,0.527,0.556,7.1,1.3,1.2,0.5,0.2,0.7,8.5,8.3,9.6,5.6,107.5,115.2,293.375,259
,Kevin Knox II,Det,F,24.6,31,18.1,16.4,10.6,22,0.909,92,0.598,94,0.33,0.546,0.57,7.2,2.4,0.7,0.4,0.2,0.7,9.6,7.9,10.4,5.1,109.7,115.2,293.375,259
,Toumani Camara,Por,F,23.8,61,24.1,14.1,15.9,92,0.75,229,0.511,147,0.327,0.503,0.537,7.3,5.0,1.1,1.0,0.4,1.2,12.3,8.4,13.4,5.7,107.9,110.5,293.375,259
,Naji Marshall,Nor,F,26.1,52,18.9,16.7,16.2,80,0.788,172,0.512,117,0.393,0.543,0.581,7.3,3.6,2.0,0.7,0.2,1.1,10.9,9.3,12.9,7.9,115.5,107.9,293.375,259
,Quentin Grimes,Nyk,G,23.8,45,20.2,15.2,6.8,34,0.706,74,0.486,212,0.363,0.53,0.543,7.3,2.0,1.2,0.7,0.1,0.5,9.2,8.4,10.4,5.1,115.4,109.8,293.375,259
,Marcus Sasser,Det,G,23.5,55,16.3,19.5,14.7,43,0.86,182,0.505,155,0.4,0.549,0.572,7.4,1.6,3.0,0.6,0.1,1.1,9.0,10.4,12.0,8.1,114.1,115.1,293.375,259
,Royce O'Neale,Bro,F,30.8,49,24.5,13.8,13.6,22,0.682,60,0.483,265,0.366,0.537,0.544,7.4,4.5,2.8,0.7,0.6,1.0,11.9,10.2,14.7,7.4,111.9,108.9,293.375,259
,Paul Reed,Phi,F,24.7,65,18.9,15.6,10.9,57,0.719,329,0.568,45,0.4,0.572,0.588,7.2,5.8,1.3,0.7,0.9,0.7,13.0,8.5,14.2,8.0,123.9,103.1,293.375,259
,Cedi Osman,San,F,28.9,63,17.4,15.2,11.2,50,0.68,143,0.608,190,0.374,0.581,0.593,6.7,2.5,1.7,0.5,0.1,0.7,9.2,8.4,10.9,7.0,114.8,113.7,316.1666666666667,273
,Marcus Morris Sr.,Phi,F,34.5,37,17.2,16.2,8.5,36,0.861,115,0.47,90,0.4,0.527,0.559,6.7,2.9,0.7,0.4,0.3,0.5,9.6,7.4,10.3,5.6,112.3,109.1,316.1666666666667,273
,Shake Milton,Det,G-F,27.5,4,15.8,20.3,10.2,3,0.667,17,0.471,9,0.333,0.481,0.494,6.8,4.5,1.5,0.5,0.3,0.8,11.3,8.3,12.8,9.1,108.0,117.4,316.1666666666667,273
,Gradey Dick,Tor,G,20.3,44,17.8,15.8,9.7,26,0.923,102,0.52,150,0.373,0.544,0.566,6.8,2.0,1.2,0.5,0.0,0.6,8.8,8.0,10.0,5.7,112.2,114.8,316.1666666666667,273
,Isaiah Hartenstein,Nyk,C-F,25.9,59,24.9,11.1,20.3,112,0.723,259,0.614,3,0.333,0.613,0.646,6.8,8.3,2.2,1.1,1.1,1.1,15.1,9.0,17.3,8.0,131.1,101.1,316.1666666666667,273
,Dennis Smith Jr.,Bro,G,26.3,49,19.7,17.7,16.2,56,0.75,214,0.495,97,0.278,0.471,0.499,6.8,3.2,3.8,1.2,0.2,1.2,10.0,10.6,13.8,8.8,109.9,106.2,316.1666666666667,273
,Cason Wallace,Okc,G,20.3,65,20.5,12.6,8.8,29,0.793,156,0.603,186,0.425,0.621,0.631,6.9,2.2,1.4,0.8,0.4,0.5,9.1,8.2,10.5,5.4,125.1,110.8,316.1666666666667,273
,Peyton Watson,Den,G,21.5,63,18.3,16.5,11.7,87,0.678,222,0.559,131,0.321,0.53,0.553,6.9,3.0,1.0,0.6,1.0,0.7,9.8,7.9,10.8,6.0,109.0,108.3,316.1666666666667,273
,Robert Williams III,Por,C-F,26.4,6,19.8,13.3,21.0,9,0.778,26,0.654,0,0.0,0.654,0.684,6.8,6.3,0.8,1.2,1.2,1.2,13.2,7.7,14.0,6.6,121.2,101.3,316.1666666666667,273
,Killian Hayes,Det,G,22.6,42,24.0,14.9,15.3,50,0.66,209,0.455,74,0.297,0.452,0.474,6.9,2.8,4.9,0.9,0.5,1.2,9.7,11.8,14.6,7.6,107.1,115.9,316.1666666666667,273
,Christian Wood,Lal,F,28.5,50,17.4,17.6,15.9,94,0.702,150,0.587,114,0.307,0.532,0.568,6.9,5.1,1.0,0.3,0.7,1.0,12.0,7.9,13.0,7.5,106.5,107.8,316.1666666666667,273
,Trayce Jackson-Davis,Gol,F,24.1,51,13.7,17.2,13.4,94,0.564,213,0.714,0,0.0,0.714,0.702,7.0,4.2,1.0,0.3,0.9,0.6,11.2,8.0,12.2,9.0,134.3,105.3,316.1666666666667,273
,Jose Alvarado,Nor,G,25.9,43,17.2,18.3,11.5,42,0.69,111,0.486,151,0.358,0.515,0.533,7.0,2.2,2.0,1.1,0.3,0.8,9.1,9.0,11.1,7.3,110.0,106.3,316.1666666666667,273
,Keon Johnson,Bro,G,22.0,4,12.8,23.1,17.1,10,1.0,10,0.3,9,0.444,0.474,0.598,7.0,1.3,0.8,0.8,0.3,1.0,8.3,7.8,9.0,6.1,114.8,112.8,316.1666666666667,273
,Isaiah Jackson,Ind,F,22.2,48,13.5,17.9,14.7,92,0.717,198,0.677,4,0.0,0.663,0.689,7.0,4.1,0.8,0.6,1.1,0.7,11.0,7.8,11.9,8.4,132.0,100.9,316.1666666666667,273
,Danilo Gallinari,Was,F,35.6,26,14.8,18.3,8.4,56,0.839,67,0.552,64,0.313,0.511,0.581,7.0,2.9,1.2,0.2,0.1,0.5,9.9,8.2,11.1,7.8,118.9,117.1,316.1666666666667,273
,Christian Braun,Den,G,22.9,65,19.1,15.9,10.3,109,0.706,245,0.49,120,0.358,0.505,0.54,6.9,3.6,1.4,0.4,0.4,0.6,10.4,8.2,11.8,6.8,112.9,109.0,316.1666666666667,273
,Chris Boucher,Tor,F-C,31.2,50,14.1,17.3,11.4,92,0.772,123,0.642,94,0.33,0.578,0.625,6.4,4.1,0.5,0.3,0.5,0.6,10.6,6.9,11.0,6.7,123.2,109.7,333.7857142857143,290
,Daniel Theis,Lac,F-C,31.9,48,17.3,15.2,12.5,44,0.727,184,0.587,53,0.377,0.582,0.601,6.4,4.1,1.0,0.4,0.9,0.7,10.5,7.4,11.5,6.9,121.7,104.7,333.7857142857143,290
,Aaron Holiday,Hou,G,27.4,62,16.4,16.6,12.0,46,0.913,158,0.5,173,0.405,0.556,0.584,6.6,1.6,1.8,0.5,0.1,0.7,8.3,8.4,10.0,6.5,115.8,108.3,333.7857142857143,290
,Miles McBride,Nyk,G,23.5,52,15.0,17.7,6.1,28,0.821,128,0.477,162,0.407,0.552,0.567,6.6,1.1,1.4,0.6,0.1,0.4,7.7,8.0,9.1,5.8,122.4,108.6,333.7857142857143,290
,Ben Simmons,Bro,G,27.6,15,23.9,12.9,26.7,15,0.4,74,0.581,0,0.0,0.581,0.571,6.1,7.9,5.7,0.8,0.6,1.8,14.1,11.9,19.8,10.9,120.5,105.7,351.1818181818182,294
,Richaun Holmes,Was,F,30.4,10,14.6,14.1,9.0,11,0.909,39,0.59,1,1.0,0.613,0.658,5.9,3.9,0.4,0.5,0.4,0.4,9.8,6.3,10.2,5.7,131.5,109.2,351.1818181818182,294
,Ochai Agbaji,Tor,G,23.9,13,18.0,17.7,11.0,13,0.692,46,0.457,35,0.257,0.426,0.45,6.0,2.4,0.8,0.4,0.5,0.8,8.4,6.8,9.2,5.0,93.7,113.4,351.1818181818182,294
,Xavier Tillman,Mem,C,25.2,34,20.6,16.1,12.0,43,0.419,160,0.469,53,0.226,0.437,0.44,6.0,4.6,1.7,1.2,1.0,0.9,10.6,7.7,12.3,7.0,97.7,106.7,351.1818181818182,294
,Doug McDermott,San,F,32.2,46,15.2,14.8,10.0,17,0.588,42,0.452,173,0.439,0.619,0.62,6.0,1.0,1.2,0.2,0.0,0.5,7.0,7.2,8.3,5.1,116.1,118.0,351.1818181818182,294
,Mason Plumlee,Lac,F-C,34.0,30,16.3,14.2,18.1,72,0.667,103,0.641,1,0.0,0.635,0.663,6.0,5.7,1.3,0.3,0.4,0.8,11.7,7.3,12.9,8.7,130.9,105.5,351.1818181818182,294
,Jae Crowder,Mil,F,33.7,35,24.0,10.7,8.1,26,0.692,69,0.551,113,0.345,0.53,0.545,6.0,3.5,1.5,0.9,0.2,0.5,9.5,7.5,11.0,5.3,114.7,111.4,351.1818181818182,294
,Jeff Green,Hou,F,37.5,61,16.2,14.9,13.7,125,0.808,160,0.55,91,0.319,0.524,0.595,6.0,2.1,0.9,0.2,0.4,0.7,8.1,6.8,8.9,5.5,117.3,110.3,351.1818181818182,294
,Nick Smith Jr.,Cha,G,19.9,40,15.5,19.0,12.5,13,0.846,113,0.345,118,0.432,0.5,0.511,6.1,1.5,1.3,0.2,0.2,0.8,7.5,7.3,8.8,5.9,99.6,117.2,351.1818181818182,294
,Amir Coffey,Lac,G-F,26.7,52,18.9,11.8,9.0,52,0.885,112,0.616,109,0.413,0.618,0.654,6.1,1.8,1.0,0.5,0.2,0.4,8.0,7.1,8.9,4.7,129.7,113.3,351.1818181818182,294
,Nikola Jovic,Mia,F,20.8,30,17.8,16.2,16.1,33,0.606,70,0.457,81,0.42,0.55,0.562,6.2,4.2,2.0,0.4,0.4,1.0,10.4,8.2,12.4,8.4,109.9,103.9,351.1818181818182,294
,Julian Champagnie,San,F,22.7,58,17.5,14.3,11.9,60,0.833,80,0.463,202,0.371,0.53,0.566,6.0,2.6,1.3,0.6,0.5,0.7,8.6,7.3,9.9,6.2,111.8,116.6,351.1818181818182,294
,Bones Hyland,Lac,G,23.5,26,13.7,24.4,15.1,14,0.786,79,0.418,84,0.333,0.46,0.476,6.2,1.0,2.0,0.5,0.1,1.1,7.2,8.2,9.2,6.8,96.1,109.5,351.1818181818182,294
,Cam Reddish,Lal,F-G,24.5,40,22.2,13.1,12.5,48,0.771,115,0.461,102,0.343,0.486,0.521,6.2,2.3,1.2,1.1,0.3,0.8,8.5,7.4,9.7,4.6,102.7,112.3,351.1818181818182,294
,Mitchell Robinson,Nyk,C,25.9,21,29.2,9.6,18.3,38,0.368,98,0.592,0,0.0,0.592,0.567,6.2,10.3,0.7,1.5,1.3,1.0,16.5,6.9,17.2,4.9,122.3,106.8,351.1818181818182,294
,Cameron Payne,Mil,G,29.6,47,14.9,16.6,12.2,44,0.841,91,0.538,131,0.397,0.572,0.603,6.2,1.3,2.3,0.5,0.1,0.7,7.5,8.5,9.8,7.1,122.0,109.4,351.1818181818182,294
,Craig Porter,Cle,G,24.0,41,13.9,20.5,16.0,51,0.725,176,0.534,29,0.379,0.539,0.567,6.3,2.4,2.5,0.5,0.3,1.0,8.7,8.8,11.2,9.7,114.9,108.0,351.1818181818182,294
,Skylar Mays,Por,G,26.5,21,17.0,19.6,11.5,17,0.765,89,0.438,49,0.286,0.435,0.457,6.3,1.8,3.6,0.7,0.1,0.9,8.1,9.9,11.7,8.1,106.9,116.9,351.1818181818182,294
,James Wiseman,Det,C,23.0,45,14.8,15.7,16.7,57,0.632,182,0.676,2,0.0,0.668,0.674,6.3,4.4,0.7,0.2,0.6,0.8,10.7,7.0,11.4,7.3,124.1,107.0,351.1818181818182,294
,Jonathan Isaac,Orl,F,26.4,44,14.9,17.4,9.9,67,0.716,135,0.578,74,0.338,0.553,0.585,6.3,4.3,0.4,0.7,1.1,0.5,10.7,6.8,11.1,5.9,118.9,104.9,351.1818181818182,294
,Aaron Wiggins,Okc,G,25.2,62,14.6,15.5,12.9,48,0.771,167,0.617,97,0.485,0.657,0.673,6.2,2.3,0.9,0.6,0.2,0.6,8.5,7.1,9.4,6.4,126.5,109.8,351.1818181818182,294
,Kyle Anderson,Min,F-G,30.5,63,22.4,14.3,19.3,110,0.7,293,0.505,38,0.211,0.483,0.523,6.3,3.5,4.1,0.8,0.5,1.3,9.8,10.4,14.0,8.0,113.9,105.4,351.1818181818182,294
,Patrick Beverley,Phi,G,35.7,47,19.6,14.8,16.9,63,0.81,132,0.523,109,0.321,0.504,0.547,6.3,3.1,3.1,0.5,0.4,1.0,9.3,9.3,12.4,8.0,114.6,110.0,351.1818181818182,294
,Matisse Thybulle,Por,F,27.0,61,23.3,10.5,10.9,29,0.759,82,0.537,220,0.35,0.528,0.542,5.6,2.1,1.3,1.8,0.8,0.6,7.7,6.9,9.0,4.3,111.2,114.1,369.85714285714283,317
,Haywood Highsmith,Mia,F,27.3,48,19.8,12.3,10.3,26,0.808,91,0.527,136,0.368,0.542,0.56,5.6,2.7,1.0,0.9,0.5,0.5,8.3,6.5,9.2,5.0,112.8,106.3,369.85714285714283,317
,Sasha Vezenkov,Sac,F,28.6,35,12.6,17.6,6.2,13,0.769,65,0.554,100,0.38,0.564,0.574,5.6,2.5,0.4,0.5,0.2,0.3,8.1,6.0,8.5,5.6,116.9,111.7,369.85714285714283,317
,Jordan Nwora,Tor,F,25.5,18,11.9,21.5,8.1,22,0.909,49,0.449,41,0.317,0.461,0.517,5.7,2.5,1.1,0.4,0.2,0.4,8.2,6.8,9.3,8.4,110.5,112.6,369.85714285714283,317
,Ricky Council IV,Phi,G,22.6,22,9.2,24.5,4.5,60,0.733,65,0.538,20,0.2,0.482,0.566,5.7,1.8,0.3,0.1,0.0,0.2,7.5,6.0,7.8,6.3,121.7,114.6,369.85714285714283,317
,Trendon Watford,Bro,F,23.3,47,11.5,20.2,14.7,51,0.882,155,0.568,42,0.357,0.561,0.606,5.7,2.6,1.2,0.3,0.3,0.7,8.3,6.8,9.5,9.1,118.5,104.7,369.85714285714283,317
,Jaylen Nowell,Mem,G,24.7,9,17.4,17.0,8.3,3,1.0,32,0.563,23,0.174,0.436,0.453,5.7,1.6,1.8,0.3,0.0,0.6,7.2,7.4,9.0,5.8,98.3,111.8,369.85714285714283,317
,Torrey Craig,Chi,F,33.2,36,20.5,12.5,11.6,27,0.778,69,0.493,106,0.368,0.529,0.551,5.7,4.5,1.1,0.6,0.4,0.6,10.2,6.8,11.3,5.9,116.7,107.8,369.85714285714283,317
,Pat Connaughton,Mil,G,31.2,60,21.7,10.5,12.4,42,0.738,76,0.645,186,0.376,0.588,0.604,5.7,3.3,1.9,0.6,0.3,0.6,8.9,7.5,10.8,6.1,123.1,113.7,369.85714285714283,317
,Taylor Hendricks,Uta,F,20.3,23,17.4,14.3,12.7,11,0.818,48,0.583,68,0.338,0.539,0.554,5.8,4.0,0.6,0.6,0.6,0.7,9.8,6.4,10.3,5.5,109.3,111.7,369.85714285714283,317
,Onuralp Bitim,Chi,F,25.0,9,13.5,16.6,9.0,4,0.75,16,0.5,24,0.375,0.538,0.551,5.1,1.9,0.4,0.1,0.1,0.4,7.0,5.6,7.4,4.7,109.1,114.3,389.7692307692308,327
,Julian Strawther,Den,G,21.9,40,12.4,20.0,7.8,25,0.72,75,0.493,125,0.304,0.47,0.488,5.2,1.3,1.1,0.4,0.2,0.4,6.5,6.2,7.5,6.3,101.8,108.4,389.7692307692308,327
,Bryce McGowens,Cha,G,21.3,50,15.8,13.9,11.8,69,0.754,106,0.547,88,0.341,0.531,0.575,5.2,1.8,0.9,0.4,0.1,0.5,7.0,6.1,7.9,5.2,113.2,115.0,389.7692307692308,327
,Jordan Nwora,Ind,F,25.5,18,10.1,22.7,12.7,11,0.818,46,0.565,36,0.306,0.518,0.541,5.2,1.8,1.0,0.3,0.1,0.7,7.1,6.2,8.1,8.3,105.6,112.3,389.7692307692308,327
,Jarred Vanderbilt,Lal,F,24.9,29,20.0,11.7,19.7,36,0.667,87,0.586,27,0.296,0.553,0.578,5.2,4.8,1.2,1.2,0.2,1.0,9.9,6.4,11.2,6.2,112.9,108.4,389.7692307692308,327
,Luke Kornet,Bos,C-F,28.7,47,15.1,11.3,10.8,41,0.902,149,0.698,0,0.0,0.698,0.733,5.2,4.0,1.0,0.3,1.0,0.4,9.2,6.2,10.2,7.3,152.4,105.3,389.7692307692308,327
,Bismack Biyombo,Mem,C,31.5,30,23.9,10.7,24.2,46,0.478,119,0.563,0,0.0,0.563,0.56,5.2,6.4,1.7,0.3,1.1,1.3,11.6,6.9,13.3,6.4,107.9,104.9,389.7692307692308,327
,Monte Morris,Min,G,28.7,11,15.7,15.8,3.4,7,0.714,32,0.406,25,0.36,0.465,0.483,5.3,1.5,2.9,0.6,0.2,0.2,6.8,8.2,9.7,7.3,120.0,110.8,389.7692307692308,327
,Jamal Cain,Mia,F,25.0,16,14.1,16.6,6.7,23,0.783,43,0.488,26,0.308,0.478,0.531,5.3,2.0,0.3,0.6,0.3,0.3,7.3,5.5,7.5,4.2,111.2,108.7,389.7692307692308,327
,Quentin Grimes,Det,G,23.8,5,20.0,19.0,14.1,7,1.0,11,0.364,25,0.16,0.278,0.345,5.4,2.4,2.2,1.0,0.8,1.2,7.8,7.6,10.0,6.1,78.8,116.5,389.7692307692308,327
,Patrick Beverley,Mil,G,35.7,14,18.6,14.3,12.3,13,0.769,33,0.394,38,0.342,0.458,0.489,5.4,3.2,2.1,0.9,0.5,0.7,8.6,7.5,10.7,7.1,108.4,107.0,389.7692307692308,327
,Malachi Flynn,Tor,G,25.8,31,15.3,16.2,19.4,22,0.773,57,0.491,80,0.35,0.511,0.535,5.1,2.1,2.4,0.6,0.2,1.1,7.2,7.4,9.5,7.7,105.7,112.3,389.7692307692308,327
,Dean Wade,Cle,F,27.3,54,20.5,10.4,7.9,26,0.769,30,0.567,202,0.391,0.584,0.598,5.4,4.0,0.8,0.7,0.5,0.4,9.4,6.2,10.2,5.0,121.0,105.2,389.7692307692308,327
,Ochai Agbaji,Uta,G,23.9,51,19.7,12.1,12.0,20,0.75,107,0.551,142,0.331,0.52,0.531,5.4,2.5,0.9,0.5,0.6,0.7,7.8,6.3,8.8,4.7,106.9,117.8,389.7692307692308,327
,Larry Nance Jr.,Nor,F-C,31.2,46,18.8,11.3,18.7,44,0.727,121,0.645,48,0.438,0.648,0.666,5.5,5.1,1.6,1.0,0.4,0.8,10.5,7.0,12.1,7.6,128.4,104.9,389.7692307692308,327
,Goga Bitadze,Orl,C-F,24.6,52,17.4,12.9,17.1,79,0.658,181,0.635,12,0.167,0.611,0.632,5.5,5.2,1.4,0.6,1.3,0.8,10.7,7.0,12.2,7.9,127.9,101.6,389.7692307692308,327
,Dyson Daniels,Nor,G,21.0,52,21.9,12.5,16.9,50,0.64,146,0.548,110,0.291,0.5,0.518,5.5,3.7,2.6,1.4,0.4,1.0,9.2,8.2,11.8,6.9,110.8,107.0,389.7692307692308,327
,Dexter Dennis,Dal,G,25.1,4,7.5,33.3,13.5,3,0.333,11,0.818,8,0.125,0.553,0.541,5.5,2.3,1.0,0.0,0.3,0.8,7.8,6.5,8.8,12.4,100.5,115.0,389.7692307692308,327
,Gary Payton II,Gol,G,31.3,29,15.5,14.0,11.8,14,0.643,87,0.621,40,0.35,0.591,0.597,5.5,2.9,1.0,1.0,0.3,0.6,8.3,6.5,9.3,6.5,120.0,107.1,389.7692307692308,327
,Kris Dunn,Uta,G,30.0,57,18.5,13.6,21.3,25,0.68,169,0.527,93,0.398,0.552,0.56,5.4,2.8,3.9,1.1,0.4,1.2,8.2,9.3,12.1,8.4,116.8,111.1,389.7692307692308,327
,Gabe Vincent,Lal,G,27.7,5,25.5,11.8,5.8,2,0.5,15,0.667,17,0.118,0.406,0.411,5.4,1.0,3.0,1.2,0.0,0.4,6.4,8.4,9.4,4.0,99.9,111.1,389.7692307692308,327
,Drew Eubanks,Pho,F-C,27.1,59,15.9,13.4,20.6,80,0.763,201,0.622,3,1.0,0.635,0.669,5.4,4.3,0.9,0.4,0.8,0.9,9.7,6.3,10.6,6.9,123.3,107.1,389.7692307692308,327
,Bol Bol,Pho,C-F,24.3,27,11.1,17.2,9.5,10,0.7,74,0.743,31,0.323,0.667,0.672,5.4,3.5,0.4,0.2,0.6,0.4,8.9,5.9,9.3,7.1,128.1,105.7,389.7692307692308,327
,Nicolas Batum,Phi,G-F,35.2,41,24.9,8.6,13.3,19,0.737,50,0.6,119,0.412,0.612,0.623,5.4,4.0,2.1,0.7,0.6,0.6,9.4,7.5,11.6,5.7,129.8,111.3,389.7692307692308,327
,Josh Okogie,Pho,F,25.5,54,17.1,12.9,14.2,100,0.74,108,0.519,91,0.297,0.485,0.549,4.9,2.7,1.1,0.9,0.4,0.6,7.7,6.1,8.8,5.7,119.1,111.6,408.7894736842105,351
,T.J. Warren,Min,F,30.5,4,16.1,15.1,13.6,0,0.0,12,0.667,7,0.143,0.5,0.5,4.8,2.0,0.8,0.3,0.0,0.8,6.8,5.5,7.5,4.9,95.3,101.4,408.7894736842105,351
,Xavier Tillman,Bos,F,25.2,5,15.1,9.1,0.0,2,1.0,11,0.727,4,0.5,0.733,0.756,4.8,3.4,0.8,0.4,0.4,0.0,8.2,5.6,9.0,6.2,166.5,110.3,408.7894736842105,351
,Bruno Fernando,Atl,F-C,25.6,27,12.5,16.1,17.8,44,0.614,89,0.573,3,0.0,0.554,0.579,4.8,3.9,0.7,0.5,0.7,0.7,8.7,5.4,9.4,7.5,113.5,104.6,408.7894736842105,351
,Spencer Dinwiddie,Lal,G,30.9,12,24.1,11.0,17.3,11,0.727,22,0.409,35,0.314,0.447,0.477,4.9,1.1,3.1,0.4,0.3,1.0,6.0,8.0,9.1,4.2,100.8,113.9,408.7894736842105,351
,Brice Sensabaugh,Uta,F,20.4,15,12.9,17.8,20.2,9,0.889,32,0.563,31,0.323,0.524,0.553,4.9,1.9,0.9,0.3,0.0,1.1,6.9,5.9,7.8,6.3,98.7,116.1,408.7894736842105,351
,Anthony Black,Orl,G,20.1,59,18.4,12.5,18.6,75,0.64,142,0.5,86,0.395,0.535,0.559,4.9,2.3,1.5,0.6,0.3,0.9,7.2,6.4,8.7,5.6,108.2,105.9,408.7894736842105,351
,Jevon Carter,Chi,G,28.5,62,13.6,17.7,8.9,7,0.571,113,0.451,194,0.335,0.484,0.485,4.9,0.8,1.2,0.5,0.2,0.5,5.6,6.0,6.8,4.9,100.1,113.9,408.7894736842105,351
,Neemias Queta,Bos,C,24.7,24,11.9,15.2,10.0,22,0.727,81,0.605,0,0.0,0.605,0.629,4.8,4.3,0.5,0.4,0.6,0.4,9.0,5.3,9.5,7.3,135.2,95.3,408.7894736842105,351
,Delon Wright,Mia,G,31.9,3,18.5,9.3,0.0,6,0.833,5,0.4,4,0.5,0.556,0.644,5.0,1.3,3.0,1.0,0.3,0.0,6.3,8.0,9.3,5.8,157.6,115.3,408.7894736842105,351
,Jordan Goodwin,Pho,G,25.4,40,14.0,18.1,13.0,29,0.862,113,0.46,80,0.288,0.448,0.481,5.0,2.9,2.0,0.6,0.2,0.7,7.9,6.9,9.8,8.8,108.9,109.8,408.7894736842105,351
,Stanley Umude,Det,G,24.9,19,10.9,16.2,15.8,24,0.917,23,0.348,35,0.543,0.629,0.693,5.0,1.8,0.5,0.2,0.3,0.6,6.8,5.5,7.3,6.1,125.0,107.2,408.7894736842105,351
,Isaiah Livers,Det,F,25.6,23,20.4,12.6,12.1,18,0.667,39,0.462,77,0.286,0.44,0.46,5.0,2.1,1.1,0.6,0.2,0.7,7.0,6.0,8.1,4.4,96.7,115.5,408.7894736842105,351
,Kenyon Martin Jr.,Lac,F,23.2,2,15.7,17.9,16.4,2,0.5,5,0.6,5,0.2,0.45,0.46,5.0,1.5,0.5,1.0,0.5,1.0,6.5,5.5,7.0,4.0,86.4,108.9,408.7894736842105,351
,Chimezie Metu,Pho,F-C,27.0,37,12.1,17.0,17.2,43,0.884,79,0.646,51,0.294,0.565,0.621,5.0,3.0,0.5,0.5,0.2,0.7,8.0,5.5,8.5,6.5,114.7,107.0,408.7894736842105,351
,Thaddeus Young,Tor,F,35.7,23,15.2,12.6,11.2,12,0.417,81,0.654,6,0.167,0.626,0.618,5.0,3.3,2.2,0.8,0.1,0.5,8.2,7.1,10.4,8.7,131.8,108.7,408.7894736842105,351
,Wenyen Gabriel,Mem,F,27.0,3,16.9,18.0,26.3,5,0.0,10,0.6,4,0.25,0.536,0.463,5.0,5.0,0.7,0.7,0.3,1.7,10.0,5.7,10.7,6.1,78.6,104.3,408.7894736842105,351
,Aleksej Pokusevski,Cha,F,22.2,2,9.2,18.8,13.4,2,1.0,5,0.4,1,1.0,0.583,0.654,4.5,1.5,1.0,0.5,1.0,0.5,6.0,5.5,7.0,8.2,127.2,122.7,426.3636363636364,368
,Monte Morris,Det,G,28.7,6,11.4,22.2,5.7,2,0.5,22,0.455,11,0.182,0.394,0.398,4.5,2.0,1.3,0.2,0.2,0.3,6.5,5.8,7.8,8.0,92.1,122.9,426.3636363636364,368
,Jontay Porter,Tor,C-F,24.3,21,12.7,17.0,15.8,12,0.917,37,0.432,48,0.354,0.488,0.521,4.5,2.9,1.9,0.6,0.6,0.8,7.3,6.3,9.2,9.2,110.4,106.8,426.3636363636364,368
,Caleb Houstan,Orl,G,21.2,48,14.5,12.5,7.9,24,0.792,12,0.583,162,0.377,0.566,0.585,4.5,1.6,0.6,0.3,0.1,0.3,6.1,5.1,6.6,4.5,119.6,109.4,426.3636363636364,368
,Kris Murray,Por,F,23.6,44,16.9,13.5,13.0,31,0.613,98,0.541,95,0.263,0.469,0.484,4.5,2.8,1.1,0.8,0.2,0.7,7.3,5.7,8.4,5.7,102.9,114.4,426.3636363636364,368
,Keita Bates-Diop,Pho,F,28.1,39,15.3,12.9,8.0,36,0.722,86,0.512,64,0.313,0.493,0.525,4.5,2.6,0.9,0.6,0.5,0.3,7.1,5.3,7.9,5.7,115.3,112.9,426.3636363636364,368
,Joe Ingles,Orl,F-G,36.4,51,17.3,11.9,19.9,23,0.826,58,0.431,127,0.417,0.565,0.584,4.5,2.1,2.9,0.6,0.1,0.9,6.6,7.4,9.5,7.0,118.7,107.2,426.3636363636364,368
,Robert Covington,Phi,F,33.2,26,16.1,11.3,11.0,24,0.875,41,0.561,48,0.354,0.545,0.593,4.5,3.4,0.7,1.3,0.6,0.4,8.0,5.2,8.6,5.5,124.0,103.4,426.3636363636364,368
,Jalen Wilson,Bro,F,23.4,27,14.5,13.8,9.6,25,0.92,59,0.458,44,0.364,0.495,0.548,4.6,2.7,1.1,0.3,0.0,0.4,7.3,5.7,8.4,6.6,121.4,113.3,426.3636363636364,368
,Maxi Kleber,Dal,C,32.1,28,21.5,10.0,15.7,31,0.677,41,0.561,66,0.318,0.509,0.539,4.6,3.6,1.6,0.3,0.7,0.7,8.3,6.2,9.8,5.5,111.7,111.7,426.3636363636364,368
,Kevon Looney,Gol,C,28.1,61,16.9,10.9,18.4,68,0.676,194,0.598,1,0.0,0.595,0.618,4.6,5.9,2.0,0.4,0.4,0.7,10.5,6.6,12.5,9.0,131.8,103.3,426.3636363636364,368
,Jacob Gilyard,Mem,G,25.7,37,17.7,11.5,16.7,2,1.0,24,0.375,120,0.425,0.594,0.597,4.7,1.2,3.5,0.7,0.1,0.8,5.8,8.2,9.4,6.1,124.3,114.3,426.3636363636364,368
,Lester Quinones,Gol,G,23.3,29,12.2,17.2,11.8,25,0.68,46,0.457,73,0.356,0.504,0.527,4.7,2.3,1.0,0.2,0.1,0.6,7.0,5.7,8.0,7.2,110.2,108.2,426.3636363636364,368
,Max Christie,Lal,G,21.1,52,15.8,13.3,14.0,42,0.786,102,0.5,100,0.36,0.52,0.551,4.7,2.4,1.0,0.3,0.3,0.6,7.0,5.7,8.0,5.7,104.4,112.7,426.3636363636364,368
,Shake Milton,Min,G-F,27.5,38,12.9,18.6,14.9,44,0.818,107,0.467,53,0.264,0.444,0.496,4.7,1.3,1.3,0.4,0.1,0.7,6.0,6.0,7.3,6.2,100.3,104.3,426.3636363636364,368
,Dominick Barlow,San,F,20.8,28,12.9,14.5,5.6,40,0.675,92,0.511,9,0.333,0.51,0.548,4.6,3.5,1.1,0.4,0.5,0.2,8.1,5.7,9.2,8.1,125.9,108.4,426.3636363636364,368
,Eugene Omoruyi,Was,F,27.1,33,7.4,24.2,11.9,33,0.727,84,0.583,27,0.222,0.523,0.558,4.2,2.0,0.7,0.6,0.0,0.5,6.2,5.0,6.9,9.8,112.7,100.6,445.26666666666665,384
,Blake Wesley,San,G,21.0,45,13.4,14.2,18.9,52,0.654,112,0.625,34,0.147,0.531,0.56,4.2,1.3,2.8,0.5,0.2,0.8,5.5,7.0,8.2,7.4,116.3,111.6,445.26666666666665,384
,DeAndre Jordan,Den,C,35.6,29,11.3,15.5,20.0,49,0.449,76,0.632,0,0.0,0.632,0.605,4.1,4.6,0.7,0.2,0.4,0.7,8.6,4.8,9.3,8.4,119.4,99.1,445.26666666666665,384
,Ryan Rollins,Was,G,21.7,10,6.6,25.2,21.6,17,0.765,22,0.5,3,0.667,0.56,0.631,4.1,1.1,1.1,0.8,0.3,0.7,5.2,5.2,6.3,10.3,115.1,108.1,445.26666666666665,384
,Kenrich Williams,Okc,G-F,29.3,53,14.2,12.5,9.4,10,0.3,89,0.517,104,0.385,0.549,0.545,4.1,2.9,1.3,0.5,0.1,0.4,6.9,5.3,8.2,7.0,118.3,106.1,445.26666666666665,384
,Chris Duarte,Sac,G,26.7,44,13.2,14.1,11.1,29,0.759,68,0.426,92,0.359,0.491,0.518,4.1,2.0,0.8,0.5,0.1,0.5,6.1,4.9,6.9,5.7,107.1,107.4,445.26666666666665,384
,Jae'Sean Tate,Hou,F,28.4,55,16.8,11.2,12.6,32,0.688,131,0.557,69,0.304,0.523,0.54,4.2,3.2,1.0,0.7,0.2,0.5,7.4,5.2,8.5,5.7,113.1,101.9,445.26666666666665,384
,Delon Wright,Was,G,31.9,33,13.8,13.4,8.2,29,0.828,84,0.405,38,0.368,0.451,0.497,4.1,1.8,2.5,1.1,0.2,0.3,5.8,6.5,8.3,7.7,117.8,117.8,445.26666666666665,384
,Theo Maledon,Cha,G,22.8,13,15.4,18.9,18.4,12,0.917,36,0.389,30,0.167,0.326,0.379,4.2,1.8,2.2,0.5,0.0,1.2,5.9,6.3,8.1,6.6,82.7,114.2,445.26666666666665,384
,Troy Brown Jr.,Min,G-F,24.6,37,11.1,15.7,13.2,22,0.864,34,0.618,84,0.369,0.572,0.603,4.2,1.9,0.9,0.2,0.1,0.5,6.1,5.1,7.1,7.0,118.1,106.5,445.26666666666665,384
,Armoni Brooks,Bro,G,25.8,10,10.4,20.3,4.1,2,0.5,14,0.286,32,0.344,0.446,0.448,4.2,1.8,0.5,0.1,0.1,0.2,6.0,4.7,6.5,6.0,100.4,119.6,445.26666666666665,384
,Danuel House Jr.,Phi,F-G,30.8,34,15.0,12.2,15.3,46,0.761,55,0.582,50,0.3,0.519,0.575,4.2,1.7,0.8,0.4,0.1,0.6,5.9,5.1,6.8,4.8,113.7,111.3,445.26666666666665,384
,AJ Green,Mil,G,24.5,43,9.7,16.3,4.5,11,0.909,21,0.524,126,0.405,0.595,0.609,4.3,1.1,0.6,0.1,0.0,0.2,5.4,4.9,6.0,5.8,122.9,111.8,445.26666666666665,384
,MarJon Beauchamp,Mil,F,23.4,45,13.1,14.2,14.8,28,0.679,84,0.548,71,0.394,0.568,0.583,4.3,2.1,0.7,0.3,0.1,0.6,6.5,5.0,7.1,5.6,109.5,110.5,445.26666666666665,384
,Dru Smith,Mia,G,26.2,9,14.5,13.2,13.0,2,1.0,16,0.5,17,0.412,0.561,0.576,4.3,1.6,1.6,1.0,0.3,0.6,5.9,5.9,7.4,6.1,118.1,105.9,445.26666666666665,384
,Jared Butler,Was,G,23.5,23,8.2,20.4,19.0,17,0.824,40,0.7,28,0.357,0.632,0.662,4.3,0.7,2.0,0.4,0.1,0.7,5.0,6.3,7.0,8.9,123.2,113.9,445.26666666666665,384
,Seth Curry,Dal,G,33.6,36,12.7,15.8,9.9,19,0.895,65,0.385,80,0.363,0.472,0.502,4.3,1.4,0.8,0.5,0.1,0.4,5.7,5.1,6.6,5.3,105.0,114.5,445.26666666666665,384
,Davion Mitchell,Sac,G,25.5,54,13.6,14.3,13.2,27,0.741,98,0.571,106,0.34,0.539,0.556,4.4,1.1,1.7,0.2,0.1,0.6,5.5,6.1,7.2,5.9,113.3,113.4,445.26666666666665,384
,JaVale McGee,Sac,C-F,36.1,40,7.9,22.7,21.4,43,0.581,112,0.652,5,0.2,0.637,0.64,4.4,2.8,0.4,0.3,0.5,0.8,7.2,4.7,7.5,8.6,110.6,102.1,445.26666666666665,384
,Jaxson Hayes,Lal,C-F,23.8,55,11.5,12.3,18.0,56,0.607,119,0.748,8,0.0,0.701,0.699,3.9,2.6,0.4,0.5,0.4,0.5,6.4,4.3,6.9,5.5,127.4,102.7,466.61538461538464,403
,Nassir Little,Pho,F-G,24.1,34,12.5,13.0,10.8,20,0.85,47,0.638,60,0.317,0.547,0.579,3.9,2.1,0.6,0.3,0.3,0.4,6.0,4.5,6.6,5.4,115.4,109.8,466.61538461538464,403
,Tristan Thompson,Cle,C-F,33.0,36,12.4,13.2,19.8,42,0.31,92,0.663,1,0.0,0.656,0.605,3.8,3.9,1.1,0.2,0.3,0.6,7.6,4.9,8.8,8.2,122.4,102.6,466.61538461538464,403
,Justin Holiday,Den,F-G,34.9,41,14.5,9.9,7.4,4,0.75,36,0.611,88,0.409,0.613,0.616,3.8,1.2,1.1,0.6,0.1,0.2,5.0,4.9,6.1,4.7,126.5,110.7,466.61538461538464,403
,Izaiah Brockington,Nor,G,24.7,1,3.4,63.4,0.0,0,0.0,4,0.5,1,0.0,0.4,0.4,4.0,2.0,0.0,0.0,0.0,0.0,6.0,4.0,6.0,0.0,0.0,0.0,466.61538461538464,403
,Tre Mann,Okc,G,23.1,13,9.2,18.0,18.2,1,1.0,21,0.571,19,0.421,0.6,0.606,3.8,1.8,1.5,0.2,0.0,0.7,5.6,5.3,7.2,9.4,115.1,114.3,466.61538461538464,403
,Jaylin Williams,Okc,F,21.7,53,12.5,13.3,10.4,28,0.821,63,0.46,109,0.367,0.517,0.545,3.8,3.3,1.3,0.4,0.4,0.4,7.1,5.1,8.4,8.1,118.8,102.6,466.61538461538464,403
,Terquavion Smith,Phi,G,21.2,12,5.8,28.1,9.0,3,0.667,9,0.444,31,0.387,0.55,0.557,3.8,0.2,0.8,0.6,0.0,0.3,4.0,4.7,4.8,5.8,111.2,112.3,466.61538461538464,403
,Mo Bamba,Phi,C,25.8,43,11.5,15.9,17.7,33,0.636,102,0.5,37,0.405,0.529,0.547,3.9,3.7,0.7,0.3,1.0,0.7,7.6,4.6,8.3,7.5,110.2,102.2,466.61538461538464,403
,Brandon Boston Jr.,Lac,G,22.3,21,7.4,25.2,8.4,16,0.75,52,0.442,24,0.292,0.441,0.476,3.8,1.0,0.3,0.1,0.2,0.3,4.8,4.0,5.0,5.6,99.7,108.1,466.61538461538464,403
,Ashton Hagans,Por,G-F,24.7,12,16.1,14.5,31.0,11,0.727,31,0.452,11,0.273,0.44,0.48,3.8,2.2,2.7,0.6,0.6,1.6,5.9,6.4,8.6,7.0,93.1,107.0,466.61538461538464,403
,Mamadi Diakite,San,F,27.1,3,5.3,20.1,0.0,6,0.667,5,0.8,0,0.0,0.8,0.785,4.0,1.0,0.7,0.0,0.3,0.0,5.0,4.7,5.7,10.6,167.1,117.6,466.61538461538464,403
,Gordon Hayward,Okc,F,34.0,11,16.8,12.2,12.7,12,0.667,34,0.353,7,0.571,0.439,0.475,4.0,3.1,2.0,0.4,0.0,0.5,7.1,6.0,9.1,6.9,110.2,112.0,466.61538461538464,403
,Matt Hurt,Mem,F,23.9,8,14.2,14.3,5.5,3,1.0,14,0.5,20,0.25,0.426,0.453,4.0,2.0,0.5,0.4,0.4,0.3,6.0,4.5,6.5,4.5,103.5,113.0,466.61538461538464,403
,Ben Sheppard,Ind,G,22.7,41,12.1,13.0,4.8,17,0.824,45,0.556,95,0.358,0.543,0.563,4.0,1.5,0.7,0.5,0.0,0.2,5.5,4.8,6.2,5.3,117.9,110.9,466.61538461538464,403
,Ousmane Dieng,Okc,F,20.8,30,11.3,16.2,13.4,16,0.875,37,0.622,66,0.303,0.515,0.545,4.0,1.6,1.1,0.2,0.1,0.5,5.6,5.1,6.7,6.8,109.7,113.2,466.61538461538464,403
,Jaden Springer,Phi,G,21.5,32,11.8,18.1,18.0,34,0.824,81,0.469,37,0.216,0.424,0.481,4.0,1.8,1.1,0.8,0.3,0.8,5.8,5.1,6.9,6.8,99.7,104.5,466.61538461538464,403
,John Konchar,Mem,G,28.0,50,20.3,9.8,17.2,20,0.85,78,0.564,104,0.308,0.505,0.527,4.0,4.5,1.9,0.8,1.0,0.8,8.5,5.9,10.4,6.4,112.4,110.0,466.61538461538464,403
,Thomas Bryant,Mia,C-F,26.6,27,10.2,17.0,15.6,22,0.818,74,0.608,7,0.0,0.556,0.596,4.0,2.9,0.6,0.2,0.3,0.6,6.9,4.6,7.5,7.5,116.1,104.2,466.61538461538464,403
,Mike Muscala,Was,F-C,32.7,24,14.1,14.3,15.0,20,0.75,39,0.487,51,0.275,0.444,0.481,4.0,3.1,1.0,0.2,0.3,0.7,7.1,4.9,8.0,6.6,100.2,114.8,466.61538461538464,403
,Evan Fournier,Nyk,G-F,31.4,3,12.9,24.3,4.7,2,1.0,5,0.4,15,0.133,0.25,0.287,4.0,1.3,1.0,1.3,0.0,0.3,5.3,5.0,6.3,5.4,72.6,101.3,466.61538461538464,403
,Jeff Dowtin Jr.,Phi,G,26.8,4,14.3,10.5,21.4,0,0.0,3,0.667,8,0.5,0.727,0.727,4.0,1.0,2.0,0.8,0.3,0.8,5.0,6.0,7.0,5.6,126.4,120.2,466.61538461538464,403
,Gui Santos,Gol,F,21.7,17,8.7,14.9,15.1,15,0.933,21,0.571,18,0.389,0.577,0.647,3.5,2.6,0.6,0.2,0.1,0.4,6.1,4.1,6.7,8.1,130.3,105.8,488.85714285714283,425
,Jeremiah Robinson-Earl,Nor,F,23.4,27,9.7,14.6,14.6,15,0.8,41,0.561,29,0.414,0.586,0.614,3.5,2.2,0.4,0.3,0.1,0.4,5.7,3.9,6.1,6.0,117.2,108.2,488.85714285714283,425
,Mike Muscala,Det,F-C,32.7,13,13.2,11.8,4.3,4,0.5,10,0.2,34,0.382,0.489,0.492,3.5,2.2,0.8,0.2,0.4,0.2,5.7,4.2,6.5,5.6,114.2,116.8,488.85714285714283,425
,Garrison Mathews,Atl,G,27.4,48,13.1,9.6,10.8,18,0.722,12,0.5,111,0.423,0.622,0.634,3.5,1.3,0.4,0.2,0.1,0.3,4.8,3.9,5.2,3.7,122.4,111.8,488.85714285714283,425
,Richaun Holmes,Dal,F,30.4,23,10.3,14.5,16.8,21,0.571,59,0.559,0,0.0,0.559,0.572,3.4,3.4,0.7,0.1,0.4,0.5,6.8,4.0,7.4,7.8,120.8,105.1,488.85714285714283,425
,Harry Giles III,Bro,F-C,25.9,16,5.1,30.1,13.7,13,0.538,33,0.576,11,0.273,0.534,0.543,3.4,1.6,0.4,0.1,0.2,0.4,5.0,3.8,5.4,10.2,106.4,99.5,488.85714285714283,425
,Troy Brown Jr.,Det,G-F,24.6,7,12.2,14.3,10.5,2,1.0,10,0.4,15,0.333,0.46,0.483,3.6,2.3,1.0,0.1,0.0,0.4,5.9,4.6,6.9,6.6,102.5,117.7,488.85714285714283,425
,Tosan Evbuomwan,Det,F,23.1,2,8.1,7.8,0.0,0,0.0,2,1.0,1,1.0,1.167,1.167,3.5,1.0,0.0,0.5,0.0,0.0,4.5,3.5,4.5,0.0,233.3,115.2,488.85714285714283,425
,Keon Ellis,Sac,G,24.2,39,12.3,12.2,15.4,17,0.647,25,0.64,85,0.376,0.582,0.592,3.6,1.4,1.3,0.6,0.4,0.5,5.0,4.9,6.3,6.1,118.2,107.5,488.85714285714283,425
,Yuta Watanabe,Pho,G-F,29.4,29,13.2,13.5,14.1,15,0.667,22,0.5,75,0.32,0.485,0.502,3.6,1.5,0.3,0.3,0.2,0.6,5.1,3.9,5.4,3.6,96.5,111.1,488.85714285714283,425
,James Bouknight,Cha,G,23.5,14,5.8,23.7,4.6,2,0.5,11,0.455,30,0.433,0.598,0.597,3.6,0.6,0.4,0.1,0.1,0.1,4.2,4.0,4.6,6.6,116.5,121.6,488.85714285714283,425
,Dwight Powell,Dal,F-C,32.6,53,14.2,9.3,22.8,84,0.726,96,0.698,2,0.5,0.699,0.734,3.7,3.5,1.5,0.4,0.4,0.5,7.2,5.2,8.7,7.6,148.5,105.8,488.85714285714283,425
,Jarace Walker,Ind,F,20.5,24,9.7,17.8,12.5,7,0.857,42,0.405,42,0.381,0.488,0.505,3.7,1.9,1.2,0.5,0.4,0.5,5.5,4.8,6.7,8.4,105.9,111.6,488.85714285714283,425
,Kobe Bufkin,Atl,G,20.5,9,9.9,20.3,11.8,4,0.5,20,0.4,17,0.294,0.419,0.426,3.7,1.6,1.7,0.3,0.1,0.6,5.2,5.3,6.9,8.7,97.5,115.7,488.85714285714283,425
,A.J. Lawson,Dal,G,23.7,31,7.8,19.6,9.8,21,0.619,50,0.6,42,0.31,0.538,0.553,3.6,1.1,0.5,0.3,0.1,0.3,4.7,4.1,5.2,6.4,110.8,112.7,488.85714285714283,425
,Justin Champagnie,Was,G-F,22.7,3,5.5,28.2,9.1,0,0.0,5,0.8,5,0.2,0.55,0.55,3.7,0.3,0.3,0.3,0.3,0.3,4.0,4.0,4.3,5.0,96.2,124.9,488.85714285714283,425
,Oshae Brissett,Bos,F-G,25.7,42,11.0,14.2,10.3,59,0.627,69,0.58,44,0.273,0.513,0.551,3.6,2.9,0.8,0.4,0.1,0.3,6.5,4.4,7.3,7.4,124.3,103.9,488.85714285714283,425
,Javon Freeman-Liberty,Tor,G,24.4,7,10.1,15.6,13.4,9,0.889,11,0.545,8,0.25,0.474,0.566,3.7,1.7,1.0,0.0,0.3,0.4,5.4,4.7,6.4,7.3,116.8,115.6,488.85714285714283,425
,Thaddeus Young,Pho,F,35.7,2,14.3,11.9,14.3,2,0.0,6,0.5,0,0.0,0.5,0.436,3.0,5.0,0.0,0.5,0.0,0.5,8.0,3.0,8.0,0.0,112.5,104.4,507.5625,443
,Noah Clowney,Bro,F,19.7,9,9.1,12.4,14.0,6,1.0,14,0.714,4,0.25,0.639,0.703,3.2,1.7,0.9,0.2,0.1,0.3,4.9,4.1,5.8,7.5,140.0,113.5,507.5625,443
,Jalen McDaniels,Tor,F-C,26.1,37,9.3,18.5,14.4,23,0.696,62,0.5,57,0.193,0.399,0.43,3.0,1.5,0.6,0.4,0.1,0.5,4.5,3.6,5.1,6.0,87.1,110.3,507.5625,443
,Robert Covington,Lac,F,33.2,3,23.1,6.2,0.0,2,0.5,1,1.0,8,0.25,0.444,0.455,3.0,2.7,2.3,2.0,0.7,0.0,5.7,5.3,8.0,4.6,130.6,106.3,507.5625,443
,Trevelin Queen,Orl,G,27.0,13,12.5,13.4,15.4,12,0.75,21,0.524,17,0.176,0.408,0.462,3.1,1.5,1.4,0.5,0.4,0.5,4.5,4.5,5.9,6.0,101.3,105.7,507.5625,443
,Omer Yurtseven,Uta,C,25.7,35,9.1,16.5,21.0,15,0.533,77,0.584,17,0.235,0.543,0.547,3.1,3.6,0.5,0.1,0.4,0.7,6.7,3.6,7.2,7.8,104.5,107.6,507.5625,443
,Luka Samanic,Uta,F,24.2,33,7.2,21.3,13.6,27,0.852,55,0.455,40,0.25,0.421,0.482,3.1,1.9,0.3,0.1,0.2,0.5,5.1,3.4,5.3,6.7,97.1,112.0,507.5625,443
,Devonte' Graham,San,G,29.1,14,8.2,15.2,7.8,8,0.75,10,0.5,25,0.36,0.529,0.558,3.1,1.3,1.4,0.3,0.1,0.2,4.4,4.4,5.7,8.7,122.9,116.4,507.5625,443
,Doug McDermott,Ind,F,32.2,6,11.0,16.5,4.0,2,0.5,4,0.75,20,0.2,0.375,0.382,3.2,0.5,0.7,0.0,0.0,0.2,3.7,3.8,4.3,3.8,87.1,123.5,507.5625,443
,Drew Peterson,Bos,F,24.3,1,2.6,16.7,0.0,0,0.0,0,0.0,1,1.0,1.5,1.5,3.0,0.0,1.0,0.0,0.0,0.0,3.0,4.0,4.0,0.0,0.0,0.0,507.5625,443
,Saben Lee,Pho,G,24.7,21,8.5,19.0,13.0,39,0.744,37,0.432,16,0.125,0.358,0.477,3.2,1.5,1.4,0.3,0.1,0.4,4.7,4.6,6.1,8.9,113.0,110.7,507.5625,443
,Ish Smith,Cha,G,35.7,43,17.2,12.2,22.9,4,0.75,150,0.413,8,0.5,0.43,0.435,3.2,1.8,3.4,0.4,0.1,1.1,5.0,6.6,8.4,6.3,97.3,117.9,507.5625,443
,Malachi Flynn,Det,G,25.8,9,8.2,23.4,15.3,4,0.5,20,0.4,13,0.308,0.424,0.432,3.3,1.0,1.1,0.3,0.0,0.7,4.3,4.4,5.4,7.5,86.7,114.4,507.5625,443
,Collin Gillespie,Den,G,24.7,19,8.5,15.8,18.1,8,0.625,21,0.571,24,0.458,0.633,0.639,3.3,0.6,0.8,0.5,0.0,0.5,3.9,4.1,4.7,5.5,112.7,106.1,507.5625,443
,Oscar Tshiebwe,Ind,F-C,24.3,8,5.2,23.5,0.0,8,0.75,20,0.5,0,0.0,0.5,0.553,3.3,2.0,0.3,0.3,0.1,0.0,5.3,3.5,5.5,9.7,131.2,113.4,507.5625,443
,Orlando Robinson,Mia,C,23.7,28,9.8,15.2,20.2,24,0.75,53,0.491,14,0.5,0.545,0.587,3.3,2.8,1.0,0.3,0.3,0.6,6.1,4.3,7.1,8.6,116.8,100.9,507.5625,443
,KJ Martin,Phi,F,23.2,46,11.3,12.9,15.3,29,0.517,105,0.59,17,0.294,0.57,0.571,3.3,1.8,0.7,0.3,0.1,0.5,5.2,4.1,5.9,5.7,110.8,104.8,507.5625,443
,Charles Bassey,San,C-F,23.4,19,10.8,11.8,27.1,6,0.833,39,0.744,1,0.0,0.725,0.739,3.3,4.0,1.1,0.4,0.9,0.8,7.3,4.4,8.4,9.0,125.0,101.9,507.5625,443
,Vasilije Micic,Okc,G,30.2,30,12.0,15.4,24.1,19,0.737,46,0.565,45,0.244,0.467,0.498,3.3,0.8,2.5,0.3,0.1,1.0,4.1,5.8,6.6,6.3,102.1,113.9,507.5625,443
,Zeke Nnaji,Den,F-C,23.2,50,9.8,16.4,16.9,59,0.712,111,0.468,21,0.238,0.451,0.51,3.2,2.1,0.6,0.3,0.7,0.5,5.3,3.8,5.9,6.5,108.8,103.6,507.5625,443
,Colin Castleton,Lal,C,23.8,7,5.1,15.3,8.7,4,1.0,10,0.7,0,0.0,0.7,0.765,2.6,1.3,0.4,0.0,0.0,0.1,3.9,3.0,4.3,8.7,155.2,100.1,525.8,463
,Micah Potter,Uta,C,25.9,3,6.7,8.3,0.0,0,0.0,1,1.0,3,0.667,1.0,1.0,2.7,2.0,0.0,0.0,0.0,0.0,4.7,2.7,4.7,0.0,189.0,115.5,525.8,463
,Adama Sanogo,Chi,F,22.1,3,3.5,22.0,23.3,3,0.667,3,1.0,0,0.0,1.0,0.926,2.7,2.0,0.0,0.0,0.0,0.3,4.7,2.7,4.7,0.0,0.0,0.0,525.8,463
,Alex Len,Sac,C,30.7,30,8.7,13.9,23.6,21,0.476,55,0.618,3,0.0,0.586,0.58,2.6,2.8,0.9,0.3,0.5,0.6,5.4,3.5,6.3,8.6,116.4,103.8,525.8,463
,Otto Porter Jr.,Tor,F,30.8,15,11.6,8.9,5.6,3,1.0,10,0.6,23,0.348,0.545,0.568,2.6,1.9,0.5,0.3,0.3,0.1,4.5,3.1,5.1,4.7,122.5,109.9,525.8,463
,Boban Marjanovic,Hou,C,35.6,9,5.3,22.9,8.6,6,0.5,19,0.526,2,0.0,0.476,0.486,2.6,2.4,0.4,0.0,0.1,0.2,5.0,3.0,5.4,10.2,107.5,103.8,525.8,463
,Moussa Diabate,Lac,F,22.1,11,5.8,18.5,9.4,14,0.643,19,0.526,0,0.0,0.526,0.576,2.6,2.3,0.4,0.5,0.1,0.2,4.9,3.0,5.3,9.2,136.0,109.5,525.8,463
,Chuma Okeke,Orl,F,25.6,38,10.4,13.0,10.3,5,0.4,28,0.571,76,0.303,0.486,0.485,2.7,1.9,0.5,0.2,0.2,0.3,4.7,3.2,5.1,5.3,102.2,110.8,525.8,463
,Yuta Watanabe,Mem,G-F,29.4,5,16.4,12.0,13.6,2,0.0,9,0.556,10,0.1,0.342,0.327,2.6,1.8,1.0,0.6,0.0,0.6,4.4,3.6,5.4,4.1,69.2,112.1,525.8,463
,Furkan Korkmaz,Phi,G-F,26.6,35,8.6,13.6,11.6,20,0.7,36,0.444,40,0.35,0.487,0.519,2.5,0.9,0.7,0.4,0.1,0.3,3.4,3.2,4.1,5.4,107.9,113.7,525.8,463
,Udoka Azubuike,Pho,C-F,24.5,14,7.7,12.4,15.3,11,0.273,22,0.727,0,0.0,0.727,0.652,2.5,2.3,0.2,0.1,0.4,0.3,4.8,2.7,5.0,5.4,123.3,100.9,525.8,463
,Tosan Evbuomwan,Mem,F,23.1,4,18.5,9.3,6.3,0,0.0,7,0.286,8,0.25,0.333,0.333,2.5,3.5,1.5,0.0,0.3,0.3,6.0,4.0,7.5,5.1,103.3,114.4,525.8,463
,Greg Brown III,Dal,F,22.5,6,6.6,20.3,26.3,9,0.444,8,0.5,3,0.333,0.5,0.501,2.5,1.5,0.7,0.0,0.7,0.7,4.0,3.2,4.7,8.4,96.3,108.3,525.8,463
,Jared Rhoden,Det,G,24.5,6,7.1,14.8,20.8,2,1.0,7,0.714,4,0.25,0.591,0.631,2.5,0.8,0.7,0.0,0.3,0.5,3.3,3.2,4.0,6.3,110.8,116.3,525.8,463
,Olivier-Maxence Prosper,Dal,F,21.7,33,7.9,15.4,6.3,34,0.676,40,0.45,34,0.235,0.405,0.467,2.5,1.9,0.6,0.2,0.1,0.2,4.4,3.1,5.0,7.2,111.4,113.5,525.8,463
,Kenneth Lofton Jr.,Mem,F,21.6,15,6.6,21.7,13.9,15,0.533,27,0.407,10,0.3,0.419,0.447,2.6,1.0,0.9,0.2,0.2,0.4,3.6,3.5,4.5,8.0,95.0,101.4,525.8,463
,Svi Mykhailiuk,Bos,G-F,26.8,27,7.7,17.7,9.7,6,0.5,15,0.467,59,0.322,0.48,0.483,2.7,1.0,0.5,0.3,0.0,0.3,3.7,3.3,4.2,5.7,102.2,109.8,525.8,463
,JT Thor,Cha,F,21.5,50,12.6,11.8,7.9,13,0.538,84,0.417,67,0.328,0.45,0.456,2.9,2.4,0.4,0.2,0.4,0.3,5.2,3.3,5.6,4.5,100.9,116.3,525.8,463
,Patty Mills,Atl,G,35.6,19,10.6,12.1,13.6,0,0.0,17,0.353,34,0.382,0.5,0.5,2.7,1.1,0.7,0.5,0.1,0.4,3.7,3.4,4.5,4.8,102.2,115.0,525.8,463
,Markieff Morris,Dal,F,34.5,20,8.4,16.2,16.0,4,0.75,20,0.35,32,0.375,0.481,0.493,2.7,1.5,0.6,0.3,0.1,0.5,4.2,3.2,4.7,6.4,94.2,113.3,525.8,463
,Davis Bertans,Okc,F,31.3,15,6.1,16.0,3.6,15,0.933,2,0.0,24,0.417,0.577,0.675,2.9,0.7,0.6,0.2,0.2,0.1,3.6,3.5,4.2,7.0,146.4,107.0,525.8,463
,Kira Lewis Jr.,Nor,G,22.9,15,9.6,19.5,13.2,11,0.909,32,0.438,20,0.1,0.327,0.387,2.9,0.9,1.2,0.3,0.1,0.5,3.9,4.1,5.1,6.1,89.5,112.3,525.8,463
,Ish Wainright,Por,F,29.5,7,6.6,18.5,5.1,2,1.0,2,0.0,16,0.375,0.5,0.53,2.9,1.3,0.0,0.3,0.1,0.1,4.1,2.9,4.1,0.0,106.0,109.5,525.8,463
,Patrick Baldwin,Was,F,21.3,22,8.0,15.8,11.6,13,0.692,22,0.409,31,0.387,0.509,0.536,2.9,2.2,0.4,0.1,0.2,0.3,5.0,3.2,5.4,6.8,104.2,108.7,525.8,463
,Jock Landale,Hou,C,28.4,39,9.7,13.8,11.7,27,0.778,75,0.48,23,0.217,0.444,0.491,2.8,2.5,0.9,0.3,0.4,0.3,5.3,3.6,6.1,7.6,117.8,105.5,525.8,463
,Lamar Stevens,Bos,F,26.7,19,6.4,20.9,16.6,11,0.727,37,0.486,8,0.375,0.5,0.532,2.8,1.6,0.4,0.3,0.3,0.5,4.4,3.2,4.8,7.6,106.5,100.7,525.8,463
,Jordan McLaughlin,Min,G,27.9,40,9.4,13.5,12.6,10,0.6,39,0.436,58,0.431,0.562,0.567,2.9,1.2,1.8,0.7,0.2,0.4,4.1,4.7,5.9,7.8,125.4,104.3,525.8,463
,Lindy Waters III,Okc,F,26.6,27,6.9,15.2,9.2,0,0.0,4,0.5,55,0.436,0.644,0.644,2.8,1.0,0.6,0.1,0.1,0.2,3.8,3.4,4.4,6.9,122.1,108.7,525.8,463
,Luka Garza,Min,C,25.2,15,3.3,35.5,9.0,16,0.75,18,0.5,12,0.333,0.5,0.567,2.8,0.9,0.2,0.0,0.0,0.2,3.7,3.0,3.9,9.6,0.0,0.0,525.8,463
,Nate Williams,Hou,G,25.1,12,6.5,19.3,6.2,7,0.571,27,0.481,3,0.333,0.483,0.499,2.8,1.0,0.5,0.2,0.0,0.2,3.8,3.3,4.3,6.9,113.5,107.5,525.8,463
,Rayan Rupert,Por,G-F,19.8,23,9.2,16.0,14.6,10,0.7,35,0.314,29,0.414,0.453,0.475,2.8,1.6,0.9,0.2,0.0,0.5,4.4,3.7,5.3,6.9,102.6,113.1,525.8,463
,D.J. Carton,Tor,G,23.6,4,8.9,13.5,10.7,5,0.8,4,0.5,4,0.25,0.438,0.539,2.8,1.0,0.8,0.3,0.0,0.3,3.8,3.5,4.5,5.9,120.2,114.9,525.8,463
,Nicolas Batum,Lac,G-F,35.2,3,18.0,7.3,11.1,0,0.0,1,1.0,7,0.286,0.5,0.5,2.7,2.3,1.7,1.0,1.3,0.3,5.0,4.3,6.7,4.9,112.9,107.6,525.8,463
,Nate Hinton,Hou,G-F,24.8,11,5.2,17.9,8.9,5,0.8,9,0.333,11,0.636,0.675,0.698,2.8,1.1,0.5,0.2,0.2,0.2,3.9,3.4,4.5,8.9,138.6,96.9,525.8,463
,Cole Swider,Mia,F,24.8,11,5.0,25.9,19.1,2,1.0,6,0.667,19,0.263,0.46,0.483,2.3,0.4,0.4,0.1,0.1,0.5,2.6,2.6,3.0,5.7,84.4,115.5,543.2307692307693,497
,Emoni Bates,Cle,F,20.1,11,8.0,17.8,5.9,4,0.25,8,0.375,24,0.25,0.375,0.37,2.3,1.0,0.5,0.1,0.2,0.2,3.3,2.8,3.8,5.2,83.5,111.2,543.2307692307693,497
,Julian Phillips,Chi,F,20.4,39,8.0,13.0,10.7,19,0.684,38,0.526,37,0.324,0.507,0.534,2.3,0.9,0.3,0.2,0.2,0.2,3.2,2.6,3.5,4.3,109.4,108.6,543.2307692307693,497
,Leaky Black,Cha,F,24.7,22,9.9,10.1,11.3,14,0.643,24,0.417,15,0.467,0.526,0.554,2.3,1.7,0.8,0.2,0.3,0.2,4.0,3.1,4.8,5.9,119.4,116.1,543.2307692307693,497
,Damian Jones,Cle,C,28.7,29,6.8,13.9,17.7,16,0.813,37,0.622,9,0.222,0.565,0.613,2.2,1.6,0.4,0.2,0.4,0.3,3.8,2.7,4.2,6.6,118.7,104.3,543.2307692307693,497
,Malachi Flynn,Nyk,G,25.8,14,4.3,21.9,11.4,11,0.818,10,0.5,13,0.308,0.478,0.557,2.2,0.4,0.4,0.1,0.0,0.2,2.6,2.6,3.1,6.6,116.3,112.9,543.2307692307693,497
,Colby Jones,Sac,G,21.8,18,7.0,18.7,9.4,5,0.4,35,0.486,13,0.077,0.385,0.388,2.2,1.4,0.6,0.2,0.1,0.3,3.6,2.8,4.2,7.0,92.2,106.7,543.2307692307693,497
,AJ Griffin,Atl,F,20.5,18,7.4,16.2,11.7,2,1.0,12,0.333,33,0.273,0.389,0.403,2.1,0.8,0.2,0.1,0.1,0.3,2.8,2.3,3.1,3.8,82.0,120.8,543.2307692307693,497
,Keita Bates-Diop,Bro,F,28.1,10,5.4,14.9,11.5,4,1.0,10,0.7,5,0.2,0.567,0.626,2.1,0.7,0.3,0.2,0.2,0.2,2.8,2.4,3.1,5.6,120.5,118.9,543.2307692307693,497
,Dereon Seabron,Nor,G,23.8,6,9.2,12.2,0.0,6,0.833,11,0.273,2,0.5,0.346,0.448,2.3,1.2,0.8,0.3,0.2,0.0,3.5,3.2,4.3,5.7,115.5,109.2,543.2307692307693,497
,Johnny Davis,Was,G,22.0,34,9.7,13.5,8.0,13,0.538,73,0.356,19,0.263,0.364,0.379,2.2,1.4,0.4,0.3,0.1,0.2,3.5,2.6,3.9,4.4,84.6,116.2,543.2307692307693,497
,Dalano Banton,Bos,F,24.3,24,7.1,17.7,16.3,20,0.8,35,0.486,16,0.125,0.392,0.468,2.3,1.5,0.8,0.2,0.1,0.4,3.8,3.1,4.6,7.9,105.4,102.4,543.2307692307693,497
,Jericho Sims,Nyk,C,25.4,38,13.6,6.1,20.2,20,0.65,51,0.745,0,0.0,0.745,0.744,2.3,3.4,0.6,0.2,0.4,0.3,5.8,2.9,6.4,4.9,141.9,109.2,543.2307692307693,497
,Johnny Juzang,Uta,G,23.0,6,9.2,15.8,4.8,0,0.0,6,0.667,14,0.143,0.35,0.35,2.3,1.2,0.7,0.0,0.0,0.2,3.5,3.0,4.2,5.4,87.8,122.8,543.2307692307693,497
,Cory Joseph,Gol,G,32.6,26,11.4,11.2,15.7,7,0.571,22,0.455,42,0.31,0.461,0.47,2.4,1.2,1.6,0.2,0.1,0.5,3.6,4.0,5.2,5.8,107.8,113.0,543.2307692307693,497
,Joe Harris,Det,G-F,32.5,16,10.6,10.9,9.3,2,0.5,9,0.444,30,0.333,0.487,0.489,2.4,0.8,0.6,0.2,0.1,0.3,3.3,3.1,3.9,4.0,103.1,114.2,543.2307692307693,497
,Sandro Mamukelashvili,San,F-C,24.8,37,6.4,16.0,8.5,17,0.706,40,0.65,35,0.229,0.507,0.533,2.4,1.7,0.9,0.2,0.2,0.2,4.1,3.2,5.0,9.6,121.8,110.6,543.2307692307693,497
,Olivier Sarr,Okc,C,25.1,14,6.8,13.1,13.5,15,0.667,13,0.692,6,0.333,0.632,0.664,2.4,2.5,0.1,0.0,0.5,0.2,4.9,2.6,5.1,5.0,135.2,93.6,543.2307692307693,497
,Moses Brown,Por,C,24.4,14,8.3,15.8,15.0,7,0.143,34,0.471,0,0.0,0.471,0.445,2.4,3.9,0.3,0.1,0.3,0.4,6.3,2.6,6.6,6.8,100.1,102.6,543.2307692307693,497
,Andre Jackson Jr.,Mil,G,22.3,49,10.4,9.8,20.5,11,0.727,49,0.653,40,0.375,0.612,0.623,2.4,2.0,0.9,0.3,0.1,0.5,4.4,3.3,5.3,6.3,124.4,102.7,543.2307692307693,497
,Danilo Gallinari,Mil,F,35.6,10,8.9,14.6,15.2,10,0.9,11,0.545,11,0.091,0.341,0.455,2.4,0.8,0.7,0.2,0.0,0.4,3.2,3.1,3.9,5.0,100.7,112.4,543.2307692307693,497
,Wesley Matthews,Atl,G,37.4,24,10.6,10.3,10.8,20,0.7,11,0.455,38,0.263,0.408,0.467,2.3,1.4,0.6,0.4,0.3,0.3,3.6,2.8,4.2,4.7,103.7,110.9,543.2307692307693,497
,Reggie Bullock Jr.,Hou,G-F,33.0,27,8.9,10.9,9.8,1,1.0,12,0.5,43,0.372,0.545,0.55,2.3,1.3,0.4,0.2,0.1,0.2,3.6,2.6,3.9,4.8,108.0,110.6,543.2307692307693,497
,Dalen Terry,Chi,F,21.7,42,9.8,12.9,18.3,28,0.643,41,0.585,48,0.229,0.455,0.489,2.4,1.6,1.2,0.4,0.2,0.5,4.0,3.6,5.2,6.8,105.6,105.5,543.2307692307693,497
,Amari Bailey,Cha,G,20.1,3,4.9,26.3,12.2,2,0.5,4,0.5,3,0.0,0.286,0.317,1.7,0.7,0.3,0.0,0.0,0.3,2.3,2.0,2.7,5.8,77.5,129.6,560.0714285714286,521
,Daishen Nix,Min,G,22.1,12,3.3,26.8,9.0,4,0.25,6,0.5,14,0.357,0.525,0.506,1.8,0.1,0.2,0.3,0.0,0.2,1.9,2.0,2.1,4.0,0.0,0.0,560.0714285714286,521
,Jett Howard,Orl,G,20.5,13,3.8,22.9,8.3,4,0.5,5,0.6,17,0.294,0.477,0.484,1.8,0.4,0.2,0.0,0.1,0.2,2.2,2.0,2.4,5.5,0.0,0.0,560.0714285714286,521
,Skylar Mays,Lal,G,26.5,11,5.8,12.8,5.3,0,0.0,13,0.538,5,0.4,0.556,0.556,1.8,0.5,0.7,0.4,0.1,0.1,2.4,2.5,3.1,5.9,120.7,110.4,560.0714285714286,521
,Jamaree Bouyea,Por,G,24.7,6,9.5,21.6,27.6,0,0.0,13,0.385,8,0.0,0.238,0.238,1.7,1.7,1.3,0.0,0.0,1.3,3.3,3.0,4.7,6.5,55.0,117.8,560.0714285714286,521
,Kobe Brown,Lac,F,24.2,35,8.3,10.7,10.0,2,0.5,24,0.5,39,0.308,0.476,0.477,1.7,1.3,0.5,0.2,0.1,0.2,3.0,2.2,3.5,5.0,104.6,104.5,560.0714285714286,521
,Jalen Hood-Schifino,Lal,G,20.7,21,5.2,24.9,16.6,20,0.6,30,0.267,15,0.133,0.244,0.316,1.6,0.6,0.4,0.1,0.1,0.4,2.2,2.0,2.6,5.6,66.2,107.4,560.0714285714286,521
,Jalen Pickett,Den,G,24.4,21,5.2,16.0,20.9,4,0.75,8,0.625,22,0.318,0.517,0.535,1.6,0.5,0.7,0.1,0.0,0.4,2.1,2.3,2.9,6.3,101.6,108.6,560.0714285714286,521
,Ibou Badji,Por,C,21.4,18,11.3,7.8,42.1,10,0.5,19,0.632,0,0.0,0.632,0.62,1.6,2.7,0.7,0.1,1.1,0.8,4.3,2.3,5.0,5.1,102.4,99.4,560.0714285714286,521
,Terry Taylor,Chi,F,24.5,25,6.8,11.3,16.6,3,0.667,26,0.615,9,0.222,0.543,0.551,1.6,1.4,0.3,0.2,0.1,0.3,3.0,1.9,3.3,5.2,111.6,110.5,560.0714285714286,521
,Jermaine Samuels Jr.,Hou,F,25.3,11,4.8,9.5,0.0,2,1.0,9,0.889,2,0.0,0.727,0.758,1.6,1.0,0.2,0.1,0.1,0.0,2.6,1.8,2.8,5.7,160.5,108.5,560.0714285714286,521
,Jordan Miller,Lac,G,24.1,7,3.7,18.5,9.6,2,1.0,7,0.571,2,0.5,0.611,0.658,1.9,0.7,0.0,0.0,0.0,0.1,2.6,1.9,2.6,0.0,0.0,0.0,560.0714285714286,521
,Seth Lundy,Atl,G,23.9,9,5.8,15.7,5.5,4,0.75,4,0.25,13,0.231,0.324,0.373,1.6,0.8,0.0,0.0,0.0,0.1,2.3,1.6,2.3,0.0,82.4,113.1,560.0714285714286,521
,Mike Muscala,Okc,F-C,32.7,3,6.5,20.0,0.0,0,0.0,2,0.5,7,0.143,0.278,0.278,1.7,1.7,0.3,0.0,0.0,0.0,3.3,2.0,3.7,5.9,66.3,103.9,560.0714285714286,521
,Leonard Miller,Min,F,20.3,8,3.6,18.6,8.3,0,0.0,8,0.75,3,0.333,0.682,0.682,1.9,1.5,0.4,0.1,0.1,0.1,3.4,2.3,3.8,11.6,0.0,0.0,560.0714285714286,521
,P.J. Tucker,Phi,F,38.9,3,22.1,4.5,28.6,0,0.0,0,0.0,5,0.4,0.6,0.6,2.0,4.7,0.0,1.0,0.7,0.7,6.7,2.0,6.7,0.0,87.3,101.6,560.0714285714286,521
,Cody Zeller,Nor,F-C,31.4,39,7.7,13.0,19.9,36,0.611,57,0.421,3,0.333,0.425,0.481,1.9,2.7,0.9,0.2,0.1,0.4,4.6,2.8,5.5,8.7,117.9,99.7,560.0714285714286,521
,Anthony Gill,Was,F,31.4,35,5.1,18.0,22.0,20,0.75,40,0.55,13,0.231,0.5,0.55,1.9,1.1,0.4,0.2,0.2,0.4,3.1,2.3,3.5,7.4,102.6,116.5,560.0714285714286,521
,Lindell Wigginton,Mil,G,26.0,3,2.5,38.8,15.5,2,1.0,3,0.667,2,0.0,0.4,0.51,2.0,0.0,0.0,0.0,0.0,0.3,2.0,2.0,2.0,0.0,0.0,0.0,560.0714285714286,521
,Ty Jerome,Cle,G-F,26.7,2,7.4,14.8,20.0,0,0.0,3,0.667,1,0.0,0.5,0.5,2.0,0.5,1.5,0.0,0.0,0.5,2.5,3.5,4.0,6.2,111.1,106.5,560.0714285714286,521
,Trent Forrest,Atl,G,25.8,26,9.9,11.8,16.1,12,0.75,50,0.38,7,0.286,0.386,0.425,2.0,1.2,1.9,0.3,0.0,0.4,3.3,3.9,5.2,6.7,107.2,115.1,560.0714285714286,521
,Jordan Ford,Sac,G,25.8,6,3.6,17.3,11.8,2,1.0,4,0.5,3,0.667,0.714,0.761,2.0,0.3,0.3,0.0,0.0,0.2,2.3,2.3,2.7,6.3,0.0,0.0,560.0714285714286,521
,Brandon Williams,Dal,G,24.3,12,4.9,21.6,11.9,11,0.545,16,0.375,6,0.333,0.409,0.447,2.0,0.6,1.0,0.1,0.1,0.3,2.6,3.0,3.6,8.7,106.6,120.0,560.0714285714286,521
,Daniel Theis,Ind,F-C,31.9,1,8.4,19.9,0.0,0,0.0,3,0.333,1,0.0,0.25,0.25,2.0,0.0,0.0,0.0,0.0,0.0,2.0,2.0,2.0,0.0,54.6,116.4,560.0714285714286,521
,D'Moi Hodge,Lal,G,25.2,7,5.9,17.7,6.2,2,0.5,3,0.667,12,0.25,0.433,0.441,2.0,0.0,0.7,0.1,0.1,0.1,2.0,2.7,2.7,0.0,96.8,112.8,560.0714285714286,521
,Markquis Nowell,Tor,G,24.2,1,3.5,22.9,0.0,2,1.0,1,0.0,0,0.0,0.0,0.532,2.0,2.0,2.0,1.0,0.0,0.0,4.0,4.0,6.0,22.9,0.0,0.0,560.0714285714286,521
,Kevon Harris,Orl,G,26.7,2,3.1,28.5,25.0,0,0.0,3,0.667,0,0.0,0.667,0.667,2.0,1.0,0.5,0.0,0.0,0.5,3.0,2.5,3.5,12.9,0.0,0.0,560.0714285714286,521
,Taze Moore,Por,G,25.7,3,3.4,25.1,16.7,0,0.0,3,1.0,2,0.0,0.6,0.6,2.0,0.0,0.3,0.3,0.0,0.3,2.0,2.3,2.3,0.0,0.0,0.0,560.0714285714286,521
,Jahmi'us Ramsey,Tor,G,22.8,1,5.3,24.1,0.0,0,0.0,2,0.5,1,0.0,0.333,0.333,2.0,2.0,1.0,0.0,0.0,0.0,4.0,3.0,5.0,12.0,102.3,121.9,560.0714285714286,521
,Isaiah Mobley,Cle,F,24.5,5,9.4,11.1,8.3,0,0.0,5,0.4,6,0.333,0.455,0.455,2.0,1.2,1.2,0.2,0.0,0.2,3.2,3.2,4.4,6.1,106.8,107.1,560.0714285714286,521
,Xavier Moon,Lac,G,29.2,3,5.2,13.9,40.0,0,0.0,2,1.0,1,0.0,0.667,0.667,1.3,0.7,1.0,0.0,0.0,0.7,2.0,2.3,3.0,7.5,97.8,114.3,578.5,551
,R.J. Hampton,Mia,G,23.1,8,9.5,10.4,17.4,2,0.5,6,0.5,8,0.125,0.321,0.336,1.3,0.8,1.0,0.0,0.0,0.4,2.0,2.3,3.0,4.3,84.7,109.1,578.5,551
,Kendall Brown,Ind,G,20.8,8,3.6,12.7,0.0,6,0.667,5,0.6,1,0.0,0.5,0.579,1.3,0.3,0.3,0.0,0.0,0.0,1.5,1.5,1.8,5.4,0.0,0.0,578.5,551
,Nathan Mensah,Cha,C,25.9,25,12.3,6.7,33.1,12,0.75,28,0.429,0,0.0,0.429,0.496,1.3,2.6,0.4,0.2,0.6,0.6,3.9,1.7,4.3,3.6,102.7,100.8,578.5,551
,Aleksej Pokusevski,Okc,F,22.2,10,6.1,14.9,15.6,4,0.5,5,0.4,11,0.182,0.313,0.338,1.2,1.0,0.5,0.1,0.1,0.3,2.2,1.7,2.7,5.5,78.9,109.5,578.5,551
,Chris Livingston,Mil,F,20.4,16,4.3,13.1,19.6,2,1.0,13,0.462,3,0.333,0.469,0.504,1.1,0.9,0.3,0.1,0.0,0.3,2.0,1.4,2.3,6.2,96.5,100.7,578.5,551
,Keyontae Johnson,Okc,F,23.8,9,7.4,13.1,20.0,0,0.0,13,0.308,3,0.333,0.344,0.344,1.2,1.1,0.4,0.1,0.0,0.4,2.3,1.7,2.8,4.4,78.6,111.9,578.5,551
,Robin Lopez,Mil,C,35.9,16,4.0,14.5,9.3,2,1.0,11,0.455,8,0.25,0.421,0.453,1.1,0.3,0.3,0.1,0.2,0.1,1.4,1.4,1.7,4.6,100.1,111.1,578.5,551
,Jerome Robinson,Gol,G,27.1,16,3.9,18.5,4.3,10,0.6,9,0.444,13,0.154,0.318,0.379,1.3,0.2,0.3,0.0,0.2,0.1,1.4,1.6,1.8,4.4,0.0,0.0,578.5,551
,Theo Maledon,Pho,G,22.8,4,3.3,27.4,40.3,3,1.0,4,0.25,0,0.0,0.25,0.47,1.3,0.3,0.0,0.0,0.0,0.8,1.5,1.3,1.5,0.0,0.0,0.0,578.5,551
,P.J. Tucker,Lac,F,38.9,16,14.3,5.6,14.1,3,1.0,7,0.429,17,0.235,0.375,0.415,1.3,2.5,0.6,0.4,0.1,0.3,3.8,1.9,4.4,3.5,118.3,107.0,578.5,551
,Dariq Whitehead,Bro,F,19.6,2,12.0,10.6,0.0,2,0.5,2,0.5,3,0.0,0.2,0.255,1.5,2.0,1.5,0.0,0.5,0.0,3.5,3.0,5.0,5.5,83.7,121.7,578.5,551
,Jacob Toppin,Nyk,F,23.8,9,4.2,12.2,9.6,2,1.0,5,0.8,4,0.25,0.611,0.658,1.4,0.8,0.3,0.0,0.1,0.1,2.2,1.8,2.6,6.6,138.7,110.5,578.5,551
,Filip Petrusev,Sac,C,23.9,2,3.3,18.6,0.0,2,0.5,2,0.5,0,0.0,0.5,0.521,1.5,0.0,0.0,0.0,0.0,0.0,1.5,1.5,1.5,0.0,0.0,0.0,578.5,551
,Kessler Edwards,Sac,F,23.6,40,4.8,12.5,1.8,6,0.667,20,0.45,33,0.364,0.509,0.521,1.5,0.8,0.2,0.1,0.1,0.0,2.2,1.7,2.4,5.2,115.5,110.9,578.5,551
,Jay Huff,Den,C,26.5,13,2.7,17.1,7.4,2,1.0,4,1.0,8,0.375,0.708,0.738,1.5,0.8,0.1,0.1,0.0,0.1,2.2,1.5,2.3,7.3,0.0,0.0,578.5,551
,Dylan Windler,Lal,G-F,27.5,8,3.5,14.0,0.0,0,0.0,1,0.0,8,0.5,0.667,0.667,1.5,0.4,0.8,0.0,0.0,0.0,1.9,2.3,2.6,8.9,0.0,0.0,578.5,551
,Jules Bernard,Was,G,24.1,8,4.5,18.6,13.1,2,0.5,4,0.5,9,0.222,0.385,0.396,1.4,0.8,0.6,0.1,0.1,0.3,2.1,2.0,2.8,7.8,93.6,114.2,578.5,551
,David Roddy,Pho,F,23.0,8,4.6,15.9,14.9,1,1.0,5,0.8,6,0.167,0.5,0.524,1.5,0.4,0.0,0.0,0.0,0.3,1.9,1.5,1.9,0.0,92.3,117.1,578.5,551
,Garrett Temple,Tor,G-F,37.8,16,4.3,17.7,19.0,6,0.833,12,0.5,9,0.222,0.429,0.486,1.4,0.7,0.4,0.2,0.0,0.3,2.1,1.8,2.5,6.8,98.7,112.8,578.5,551
,Josh Minott,Min,F,21.3,23,2.9,22.2,7.3,14,0.857,18,0.5,7,0.143,0.42,0.53,1.4,0.6,0.2,0.1,0.2,0.1,2.0,1.6,2.2,7.6,0.0,0.0,578.5,551
,Vit Krejci,Atl,G,23.7,4,12.5,7.4,11.1,0,0.0,2,0.0,6,0.333,0.375,0.375,1.5,0.8,2.0,0.8,0.3,0.3,2.3,3.5,4.3,4.3,112.4,119.8,578.5,551
,Jaden Springer,Bos,G,21.5,8,2.8,17.4,11.1,0,0.0,6,0.333,2,0.0,0.25,0.25,0.5,0.5,0.1,0.1,0.0,0.1,1.0,0.6,1.1,4.2,0.0,0.0,597.0,573
,Malcolm Cazalon,Det,G,22.5,1,2.6,0.0,0.0,0,0.0,0,0.0,0,0.0,0.0,0.0,0.0,0.0,0.0,0.0,0.0,0.0,0.0,0.0,0.0,0.0,0.0,0.0,597.0,573
,Maxwell Lewis,Lal,F,21.6,23,3.3,10.8,36.8,0,0.0,9,0.222,3,0.333,0.292,0.292,0.3,0.1,0.1,0.1,0.0,0.3,0.4,0.4,0.6,1.7,0.0,0.0,597.0,573
,Danny Green,Phi,G,36.7,2,9.3,4.6,0.0,0,0.0,1,0.0,1,0.0,0.0,0.0,0.0,1.0,0.5,0.5,0.0,0.0,1.0,0.5,1.5,0.0,32.8,112.9,597.0,573
,Ryan Arcidiacono,Nyk,G,30.0,20,2.3,7.6,25.0,0,0.0,0,0.0,6,0.0,0.0,0.0,0.0,0.4,0.2,0.1,0.0,0.1,0.4,0.2,0.6,0.0,0.0,0.0,597.0,573
,Kaiser Gates,Nor,F,27.3,1,7.4,23.3,0.0,0,0.0,2,0.0,2,0.0,0.0,0.0,0.0,1.0,0.0,0.0,0.0,0.0,1.0,0.0,1.0,0.0,0.0,118.7,597.0,573
,Marques Bolden,Mil,C,25.9,2,1.5,0.0,0.0,0,0.0,0,0.0,0,0.0,0.0,0.0,0.0,1.0,0.0,0.0,0.0,0.0,1.0,0.0,1.0,0.0,0.0,0.0,597.0,573
,Filip Petrusev,Phi,C,23.9,1,2.7,0.0,0.0,0,0.0,0,0.0,0,0.0,0.0,0.0,0.0,1.0,0.0,0.0,0.0,0.0,1.0,0.0,1.0,0.0,0.0,0.0,597.0,573
,Usman Garuba,Gol,F,22.0,3,2.6,5.4,0.0,0,0.0,1,0.0,0,0.0,0.0,0.0,0.0,0.3,0.3,0.3,0.0,0.0,0.3,0.3,0.7,0.0,0.0,0.0,597.0,573
,Javonte Smart,Phi,G,24.8,1,0.7,0.0,0.0,0,0.0,0,0.0,0,0.0,0.0,0.0,0.0,0.0,0.0,0.0,0.0,0.0,0.0,0.0,0.0,0.0,0.0,0.0,597.0,573
,Ron Harper Jr.,Tor,F,23.9,1,3.7,0.0,0.0,0,0.0,0,0.0,0,0.0,0.0,0.0,0.0,0.0,1.0,0.0,0.0,0.0,0.0,1.0,1.0,0.0,0.0,0.0,597.0,573
,Trey Jemison,Was,C,24.3,2,0.8,28.0,100.0,0,0.0,0,0.0,0,0.0,0.0,0.0,0.0,0.5,0.0,0.0,0.0,0.5,0.5,0.0,0.5,0.0,0.0,0.0,597.0,573
,Mouhamed Gueye,Atl,F,21.3,2,2.2,9.4,0.0,0,0.0,0,0.0,1,0.0,0.0,0.0,0.0,0.0,0.0,0.5,0.0,0.0,0.0,0.0,0.0,0.0,0.0,0.0,597.0,573
,Dmytro Skapintsev,Nyk,C,25.8,2,1.1,20.5,0.0,0,0.0,1,0.0,0,0.0,0.0,0.0,0.0,0.0,0.0,0.0,0.0,0.0,0.0,0.0,0.0,0.0,0.0,0.0,597.0,573
,Pete Nance,Cle,F,24.1,3,2.5,11.8,0.0,0,0.0,2,0.0,0,0.0,0.0,0.0,0.0,0.3,0.0,0.0,0.0,0.0,0.3,0.0,0.3,0.0,0.0,0.0,597.0,573
,Jordan Walsh,Bos,G,20.0,4,8.3,9.2,28.6,0,0.0,2,0.5,3,0.0,0.2,0.2,0.5,2.8,0.5,0.5,0.3,0.5,3.3,1.0,3.8,4.3,65.3,92.5,597.0,573
,Kira Lewis Jr.,Tor,G,22.9,1,1.6,0.0,0.0,0,0.0,0,0.0,0,0.0,0.0,0.0,0.0,0.0,0.0,0.0,0.0,0.0,0.0,0.0,0.0,0.0,0.0,0.0,597.0,573
,Jason Preston,Uta,G,24.6,1,1.2,34.6,100.0,0,0.0,0,0.0,0,0.0,0.0,0.0,0.0,1.0,0.0,0.0,0.0,1.0,1.0,0.0,1.0,0.0,0.0,0.0,597.0,573
,Alondes Williams,Mia,G,24.7,2,4.7,18.9,25.0,0,0.0,1,0.0,2,0.0,0.0,0.0,0.0,0.5,0.0,0.0,0.0,0.5,0.5,0.0,0.5,0.0,0.0,119.4,597.0,573
,Darius Bazley,Phi,F,23.7,3,3.3,8.8,50.0,0,0.0,1,0.0,0,0.0,0.0,0.0,0.0,0.3,0.7,0.0,0.0,0.3,0.3,0.7,1.0,0.0,0.0,0.0,597.0,573
,Adam Flagler,Okc,G,24.3,1,5.5,23.7,0.0,0,0.0,0,0.0,3,0.0,0.0,0.0,0.0,0.0,1.0,0.0,0.0,0.0,0.0,1.0,1.0,0.0,23.9,124.3,597.0,573
,Justin Jackson,Min,F,29.0,2,0.4,0.0,0.0,0,0.0,0,0.0,0,0.0,0.0,0.0,0.0,0.0,0.0,0.0,0.0,0.0,0.0,0.0,0.0,0.0,0.0,0.0,597.0,573
,Pat Spencer,Gol,G,27.7,2,1.7,0.0,0.0,0,0.0,0,0.0,0,0.0,0.0,0.0,0.0,0.0,0.5,0.0,0.0,0.0,0.0,0.5,0.5,0.0,0.0,0.0,597.0,573
,Jalen Crutcher,Nor,G,24.7,1,2.7,16.0,0.0,0,0.0,1,0.0,0,0.0,0.0,0.0,0.0,0.0,0.0,0.0,0.0,0.0,0.0,0.0,0.0,0.0,0.0,0.0,597.0,573
,Isaiah Wong,Ind,G,23.1,0,0.0,0.0,0.0,0,0.0,0,0.0,0,0.0,0.0,0.0,0.0,0.0,0.0,0.0,0.0,0.0,0.0,0.0,0.0,0.0,0.0,0.0,597.0,573
,E.J. Liddell,Nor,F,23.2,8,2.9,16.6,23.7,2,1.0,1,1.0,5,0.0,0.167,0.291,0.5,0.6,0.1,0.3,0.3,0.3,1.1,0.6,1.3,4.3,0.0,0.0,597.0,573
,Hunter Tyson,Den,F,23.7,11,2.9,17.7,15.4,0,0.0,2,0.5,9,0.222,0.364,0.364,0.7,0.8,0.1,0.0,0.0,0.2,1.5,0.8,1.6,5.3,0.0,0.0,597.0,573
,TyTy Washington Jr.,Mil,G,22.3,5,4.1,18.6,22.2,0,0.0,4,0.0,3,0.333,0.214,0.214,0.6,0.2,0.2,0.4,0.0,0.4,0.8,0.8,1.0,2.8,41.9,117.3,597.0,573
,Marques Bolden,Cha,C,25.9,2,6.3,6.9,50.0,0,0.0,1,0.0,0,0.0,0.0,0.0,0.0,0.5,0.0,0.0,0.0,0.5,0.5,0.0,0.5,0.0,0.0,118.1,597.0,573
,James Johnson,Ind,F,37.1,6,5.3,11.8,23.7,2,1.0,5,0.4,1,0.0,0.333,0.436,1.0,0.7,1.0,0.7,0.2,0.3,1.7,2.0,2.7,6.7,103.6,95.3,597.0,573
,Taj Gibson,Nyk,F,38.7,16,10.3,7.5,17.6,2,1.0,17,0.412,6,0.0,0.304,0.335,1.0,1.8,0.6,0.1,0.4,0.3,2.8,1.6,3.3,4.0,90.5,99.4,597.0,573
,Dylan Windler,Nyk,G-F,27.5,3,2.5,11.6,0.0,0,0.0,0,0.0,2,0.5,0.75,0.75,1.0,0.3,0.3,0.0,0.0,0.0,1.3,1.3,1.7,7.2,0.0,0.0,597.0,573
,Braxton Key,Den,F,27.1,17,3.2,15.7,5.8,6,0.667,12,0.417,4,0.25,0.406,0.456,1.0,0.8,0.5,0.1,0.1,0.1,1.8,1.5,2.3,9.2,0.0,0.0,597.0,573
,Joshua Primo,Lac,G,21.2,2,5.2,29.7,57.1,0,0.0,2,0.5,1,0.0,0.333,0.333,1.0,0.5,0.0,0.0,0.5,2.0,1.5,1.0,1.5,0.0,36.7,125.1,597.0,573
,JD Davison,Bos,G,21.4,5,1.7,14.5,0.0,2,1.0,0,0.0,2,0.5,0.75,0.868,1.0,0.6,0.0,0.0,0.0,0.0,1.6,1.0,1.6,0.0,0.0,0.0,597.0,573
,Justin Minaya,Por,F,25.0,21,7.7,9.6,14.6,6,0.5,10,0.3,19,0.211,0.31,0.332,1.0,1.0,0.4,0.2,0.2,0.2,2.0,1.4,2.4,3.8,84.8,116.4,597.0,573
,Sidy Cissoko,San,G,19.9,6,5.3,11.6,13.4,4,1.0,2,0.5,4,0.0,0.167,0.387,1.0,1.0,0.0,0.5,0.0,0.2,2.0,1.0,2.0,0.0,77.1,110.4,597.0,573
,Alex Fudge,Lal,F,20.9,4,3.6,23.5,13.4,2,1.0,4,0.25,2,0.0,0.167,0.291,1.0,0.5,0.0,0.0,0.0,0.3,1.5,1.0,1.5,0.0,0.0,0.0,597.0,573
,Kenneth Lofton Jr.,Phi,F,21.6,2,4.4,39.0,25.0,0,0.0,4,0.25,2,0.0,0.167,0.167,1.0,1.5,0.0,0.0,0.0,1.0,2.5,1.0,2.5,0.0,26.9,114.7,597.0,573
,Hamidou Diallo,Was,G,25.6,2,2.4,26.3,33.3,0,0.0,2,0.5,0,0.0,0.5,0.5,1.0,1.0,0.5,1.0,0.0,0.5,2.0,1.5,2.5,13.2,0.0,0.0,597.0,573
,Frank Ntilikina,Cha,G,25.6,5,8.6,11.1,9.6,2,1.0,1,0.0,8,0.125,0.167,0.253,1.0,1.2,0.8,0.0,0.0,0.2,2.2,1.8,3.0,4.6,75.0,115.4,597.0,573
,Mouhamadou Gueye,Tor,F,25.7,2,4.9,17.6,0.0,0,0.0,4,0.25,0,0.0,0.25,0.25,1.0,2.5,0.0,0.0,1.5,0.0,3.5,1.0,3.5,0.0,94.1,98.4,597.0,573
,Mason Jones,Sac,G,25.6,1,13.0,12.7,0.0,2,0.5,1,0.0,2,0.0,0.0,0.129,1.0,4.0,4.0,0.0,0.0,0.0,5.0,5.0,9.0,7.8,94.3,120.6,597.0,573
,Shake Milton,Nyk,G-F,27.5,2,2.7,22.9,0.0,2,1.0,1,0.0,1,0.0,0.0,0.347,1.0,0.0,0.0,0.0,0.0,0.0,1.0,1.0,1.0,0.0,0.0,0.0,597.0,573
,Thanasis Antetokounmpo,Mil,F,31.7,28,4.8,12.5,31.6,2,0.0,25,0.52,1,0.0,0.5,0.484,0.9,0.4,0.5,0.2,0.1,0.4,1.3,1.4,1.8,4.7,87.2,103.6,597.0,573
,Admiral Schofield,Orl,F,27.0,16,3.5,16.9,19.0,2,0.0,6,0.5,11,0.273,0.441,0.419,0.9,0.6,0.3,0.0,0.0,0.3,1.6,1.3,1.9,6.2,0.0,0.0,597.0,573
,DaQuan Jeffries,Nyk,G-F,26.5,13,2.6,20.1,6.7,2,0.0,7,0.571,7,0.143,0.393,0.37,0.8,0.4,0.2,0.0,0.0,0.1,1.2,1.0,1.4,6.2,0.0,0.0,597.0,573
,Charlie Brown Jr.,Nyk,G,26.1,8,4.7,13.8,16.7,0,0.0,3,0.0,7,0.286,0.3,0.3,0.8,0.3,0.0,0.0,0.3,0.3,1.0,0.8,1.0,0.0,60.3,106.4,597.0,573
,Bismack Biyombo,Okc,C,31.5,5,6.4,9.3,31.1,2,1.0,4,0.25,0,0.0,0.25,0.41,0.8,1.2,0.4,0.0,0.2,0.4,2.0,1.2,2.4,4.5,97.5,100.0,597.0,573
,Shaquille Harrison,Mem,G,30.4,3,2.0,14.4,0.0,0,0.0,2,0.5,0,0.0,0.5,0.5,0.7,0.7,0.0,0.0,0.3,0.0,1.3,0.7,1.3,0.0,0.0,0.0,597.0,573
,Jalen Slawson,Sac,F,24.4,6,3.4,10.4,40.0,0,0.0,2,1.0,1,0.0,0.667,0.667,0.7,0.8,0.3,0.0,0.2,0.3,1.5,1.0,1.8,6.5,0.0,0.0,597.0,573
,Kira Lewis Jr.,Uta,G,22.9,3,2.4,11.4,0.0,0,0.0,1,1.0,1,0.0,0.5,0.5,0.7,0.3,1.0,0.3,0.0,0.0,1.0,1.7,2.0,9.9,0.0,0.0,597.0,573
,Juan Toscano-Anderson,Sac,F,30.9,11,4.8,11.3,14.3,0,0.0,8,0.25,4,0.25,0.292,0.292,0.6,1.3,0.4,0.1,0.1,0.2,1.9,1.0,2.3,5.7,83.6,96.9,597.0,573
,Wendell Moore Jr.,Min,G,22.5,16,3.0,11.9,23.1,0,0.0,6,0.833,4,0.0,0.5,0.5,0.6,0.4,0.1,0.3,0.1,0.2,1.0,0.8,1.1,3.8,0.0,0.0,597.0,573
,Harry Giles III,Lal,F-C,25.9,3,1.9,15.2,0.0,0,0.0,1,0.0,1,0.0,0.0,0.0,0.0,0.3,0.0,0.0,0.0,0.0,0.3,0.0,0.3,0.0,0.0,0.0,597.0,573
